date,symbol,short_ratio
2024-06-03,AAPL,0.5083278845452932
2024-06-03,META,0.4322043614850145
2024-06-03,MSFT,0.3249660132231587
2024-06-03,NVDA,0.4476982249745868
2024-06-03,TSLA,0.582437052222257
2024-06-04,AAPL,0.4251970505108234
2024-06-04,META,0.508988250744809
2024-06-04,MSFT,0.3062524527887226
2024-06-04,NVDA,0.4302149738737346
2024-06-04,TSLA,0.6308722291658279
2024-06-05,AAPL,0.3577853554420107
2024-06-05,META,0.4686061295274919
2024-06-05,MSFT,0.2952079369955871
2024-06-05,NVDA,0.4328569181793969
2024-06-05,TSLA,0.6209764659201048
2024-06-06,AAPL,0.4614190820666089
2024-06-06,META,0.4899462264302817
2024-06-06,MSFT,0.2470205689189052
2024-06-06,NVDA,0.4796020479320875
2024-06-06,TSLA,0.5056524625798614
2024-06-07,AAPL,0.5005415280000822
2024-06-07,META,0.5157246369354841
2024-06-07,MSFT,0.2211550498388809
2024-06-07,NVDA,0.4551002694129693
2024-06-07,TSLA,0.5091285820482297
2024-06-10,AAPL,0.504956766510128
2024-06-10,META,0.5143905184329641
2024-06-10,MSFT,0.3278912677863095
2024-06-10,NVDA,0.4654000325007884
2024-06-10,TSLA,0.5741598469843577
2024-06-11,AAPL,0.3958553768725235
2024-06-11,META,0.5768450768081168
2024-06-11,MSFT,0.2739953565546901
2024-06-11,NVDA,0.4467422549195093
2024-06-11,TSLA,0.6104416393448943
2024-06-12,AAPL,0.5247913056024687
2024-06-12,META,0.5164452374924076
2024-06-12,MSFT,0.4445797029380532
2024-06-12,NVDA,0.3833775623501102
2024-06-12,TSLA,0.4698517059664657
2024-06-13,AAPL,0.5438563831507975
2024-06-13,META,0.5042983628014331
2024-06-13,MSFT,0.4372696677904297
2024-06-13,NVDA,0.4447626205275613
2024-06-13,TSLA,0.5067301998826768
2024-06-14,AAPL,0.4557737398601624
2024-06-14,META,0.2628386571724186
2024-06-14,MSFT,0.4118203772220543
2024-06-14,NVDA,0.4533310427477478
2024-06-14,TSLA,0.6494274116207077
2024-06-17,AAPL,0.5817330949604355
2024-06-17,META,0.4890138794467986
2024-06-17,MSFT,0.3525666691593426
2024-06-17,NVDA,0.4745769035094535
2024-06-17,TSLA,0.6593896943081483
2024-06-18,AAPL,0.5681838930911405
2024-06-18,META,0.5181472613597182
2024-06-18,MSFT,0.2973455436471923
2024-06-18,NVDA,0.4471114350980926
2024-06-18,TSLA,0.6326881423621854
2024-06-20,AAPL,0.5013462645022358
2024-06-20,META,0.5225040505191934
2024-06-20,MSFT,0.3851040731279115
2024-06-20,NVDA,0.4392017636246527
2024-06-20,TSLA,0.6385667014474461
2024-06-21,AAPL,0.5614688978264891
2024-06-21,META,0.6052335606839853
2024-06-21,MSFT,0.3229922632420836
2024-06-21,NVDA,0.3550671538824168
2024-06-21,TSLA,0.6617386063832988
2024-06-24,AAPL,0.4946594139314715
2024-06-24,META,0.5072304719867664
2024-06-24,MSFT,0.3603469687626265
2024-06-24,NVDA,0.3614136016667315
2024-06-24,TSLA,0.6121287973761514
2024-06-25,AAPL,0.5225562372649538
2024-06-25,META,0.505956537725313
2024-06-25,MSFT,0.3777521869359518
2024-06-25,NVDA,0.4442802103709402
2024-06-25,TSLA,0.6447956789193175
2024-06-26,AAPL,0.5197033009543468
2024-06-26,META,0.4689909033401195
2024-06-26,MSFT,0.3299143776554841
2024-06-26,NVDA,0.4760684079822173
2024-06-26,TSLA,0.6573971574302749
2024-06-27,AAPL,0.4339952041964108
2024-06-27,META,0.4063746202519676
2024-06-27,MSFT,0.2998788360144201
2024-06-27,NVDA,0.4823710217602012
2024-06-27,TSLA,0.6286718774884201
2024-06-28,AAPL,0.3805709952277177
2024-06-28,META,0.3952820866005682
2024-06-28,MSFT,0.3352972294900344
2024-06-28,NVDA,0.4551132833705041
2024-06-28,TSLA,0.638717016280579
2024-07-01,AAPL,0.3697621064823294
2024-07-01,META,0.399550976515396
2024-07-01,MSFT,0.3460565142523571
2024-07-01,NVDA,0.3976298710060951
2024-07-01,TSLA,0.6648146057746043
2024-07-02,AAPL,0.3615089960694503
2024-07-02,META,0.4013091436471051
2024-07-02,MSFT,0.3243826319181865
2024-07-02,NVDA,0.4312055121188116
2024-07-02,TSLA,0.6725473772315672
2024-07-03,AAPL,0.3645308398110684
2024-07-03,META,0.4174001824446821
2024-07-03,MSFT,0.2603178150146454
2024-07-03,NVDA,0.396829068714184
2024-07-03,TSLA,0.6702497175742612
2024-07-05,AAPL,0.3366655456822356
2024-07-05,META,0.3978810914399956
2024-07-05,MSFT,0.3224743086116389
2024-07-05,NVDA,0.4011663731035073
2024-07-05,TSLA,0.6565400690240235
2024-07-08,AAPL,0.5214063678489212
2024-07-08,META,0.4916664155721375
2024-07-08,MSFT,0.3009321403460098
2024-07-08,NVDA,0.4727955917195298
2024-07-08,TSLA,0.6277983943089183
2024-07-09,AAPL,0.5490108933701744
2024-07-09,META,0.479853949138428
2024-07-09,MSFT,0.2984053205093824
2024-07-09,NVDA,0.4654066070654563
2024-07-09,TSLA,0.6753595813204749
2024-07-10,AAPL,0.567286001522572
2024-07-10,META,0.4162718853049611
2024-07-10,MSFT,0.4149854560931057
2024-07-10,NVDA,0.520970705934001
2024-07-10,TSLA,0.6476636701536411
2024-07-11,AAPL,0.4102081493622902
2024-07-11,META,0.452241925383328
2024-07-11,MSFT,0.4345521492362325
2024-07-11,NVDA,0.574864485397333
2024-07-11,TSLA,0.6136595839132315
2024-07-12,AAPL,0.3956220611237549
2024-07-12,META,0.5458053839597741
2024-07-12,MSFT,0.3564259840119058
2024-07-12,NVDA,0.4676994374568676
2024-07-12,TSLA,0.623979148539401
2024-07-15,AAPL,0.5033272978087798
2024-07-15,META,0.4278530370852482
2024-07-15,MSFT,0.3017384007085076
2024-07-15,NVDA,0.4685333545089216
2024-07-15,TSLA,0.6501365236769826
2024-07-16,AAPL,0.5480699789744348
2024-07-16,META,0.4358123167081101
2024-07-16,MSFT,0.3079786414785097
2024-07-16,NVDA,0.3933976290262777
2024-07-16,TSLA,0.6545239019722859
2024-07-17,AAPL,0.45440797768427
2024-07-17,META,0.3933035810231282
2024-07-17,MSFT,0.3165030509880461
2024-07-17,NVDA,0.4013729510283384
2024-07-17,TSLA,0.6395407616070304
2024-07-18,AAPL,0.4633172599075296
2024-07-18,META,0.4199012951414027
2024-07-18,MSFT,0.3253417349150548
2024-07-18,NVDA,0.4447419257992037
2024-07-18,TSLA,0.6461016440038667
2024-07-19,AAPL,0.5579501001972603
2024-07-19,META,0.4046587464988364
2024-07-19,MSFT,0.3941339603632416
2024-07-19,NVDA,0.4762146429095255
2024-07-19,TSLA,0.6457858236206259
2024-07-22,AAPL,0.3587223445785417
2024-07-22,META,0.4446749810716622
2024-07-22,MSFT,0.3214355053120984
2024-07-22,NVDA,0.3830267264558563
2024-07-22,TSLA,0.6192443672676309
2024-07-23,AAPL,0.3684659542267812
2024-07-23,META,0.4798005525018996
2024-07-23,MSFT,0.2953740358533048
2024-07-23,NVDA,0.4532182021635502
2024-07-23,TSLA,0.6480996943960083
2024-07-24,AAPL,0.3563867529288406
2024-07-24,META,0.447209703936926
2024-07-24,MSFT,0.2867209096394396
2024-07-24,NVDA,0.4251927442044977
2024-07-24,TSLA,0.6467669575762146
2024-07-25,AAPL,0.3305924442134007
2024-07-25,META,0.3226494998424419
2024-07-25,MSFT,0.2652279314295557
2024-07-25,NVDA,0.3541776659111957
2024-07-25,TSLA,0.571319994660275
2024-07-26,AAPL,0.3248631529628645
2024-07-26,META,0.4255601138756523
2024-07-26,MSFT,0.3372318622074008
2024-07-26,NVDA,0.4934146538843119
2024-07-26,TSLA,0.6170460747951994
2024-07-29,AAPL,0.3834785954163583
2024-07-29,META,0.3281188686287635
2024-07-29,MSFT,0.3388498268176878
2024-07-29,NVDA,0.4097118170905002
2024-07-29,TSLA,0.6819828947160935
2024-07-30,AAPL,0.3924113360047162
2024-07-30,META,0.3713576852120799
2024-07-30,MSFT,0.2815779780526774
2024-07-30,NVDA,0.3828270828774768
2024-07-30,TSLA,0.6423950296131207
2024-07-31,AAPL,0.417211824275211
2024-07-31,META,0.4620569785712878
2024-07-31,MSFT,0.3587792179428918
2024-07-31,NVDA,0.4637597479766411
2024-07-31,TSLA,0.5693072205357916
2024-08-01,AAPL,0.4167148336763974
2024-08-01,META,0.4442661849786952
2024-08-01,MSFT,0.394420920001151
2024-08-01,NVDA,0.4555158268564193
2024-08-01,TSLA,0.6104607701550251
2024-08-02,AAPL,0.4711099875144995
2024-08-02,META,0.485100765957529
2024-08-02,MSFT,0.3201046627518163
2024-08-02,NVDA,0.5362819297337269
2024-08-02,TSLA,0.6118531901599572
2024-08-05,AAPL,0.4071704801131319
2024-08-05,META,0.5363268708774229
2024-08-05,MSFT,0.3288555450770226
2024-08-05,NVDA,0.3787754254554717
2024-08-05,TSLA,0.5845541987363478
2024-08-06,AAPL,0.3749144852090442
2024-08-06,META,0.5860725881988896
2024-08-06,MSFT,0.3445733959015153
2024-08-06,NVDA,0.3730044951296832
2024-08-06,TSLA,0.6281100482078411
2024-08-07,AAPL,0.5039133492671533
2024-08-07,META,0.4889992013278321
2024-08-07,MSFT,0.3683175050496837
2024-08-07,NVDA,0.4145592111200065
2024-08-07,TSLA,0.6091751387513199
2024-08-08,AAPL,0.4659704598561728
2024-08-08,META,0.4999288833498104
2024-08-08,MSFT,0.3025238096426245
2024-08-08,NVDA,0.4048798172125072
2024-08-08,TSLA,0.5973026926644321
2024-08-09,AAPL,0.4617643234550624
2024-08-09,META,0.5527212777592427
2024-08-09,MSFT,0.3949822017350964
2024-08-09,NVDA,0.4849985217966155
2024-08-09,TSLA,0.6105103633325799
2024-08-12,AAPL,0.4712695559473023
2024-08-12,META,0.559002861565019
2024-08-12,MSFT,0.3332428609812749
2024-08-12,NVDA,0.4711119475318988
2024-08-12,TSLA,0.6040536583270186
2024-08-13,AAPL,0.3992194296082639
2024-08-13,META,0.5192407105976273
2024-08-13,MSFT,0.3399769782059285
2024-08-13,NVDA,0.4689136168677932
2024-08-13,TSLA,0.6082067314996698
2024-08-14,AAPL,0.3852087077189173
2024-08-14,META,0.5543963725135981
2024-08-14,MSFT,0.5334056556402001
2024-08-14,NVDA,0.4798759508536937
2024-08-14,TSLA,0.5934200033431989
2024-08-15,AAPL,0.4267090209212791
2024-08-15,META,0.5395889056576503
2024-08-15,MSFT,0.4653353003106012
2024-08-15,NVDA,0.4064522991588598
2024-08-15,TSLA,0.5657436438098207
2024-08-16,AAPL,0.4910258651594027
2024-08-16,META,0.399138794180971
2024-08-16,MSFT,0.4551229151553516
2024-08-16,NVDA,0.482755765187331
2024-08-16,TSLA,0.6523292382220823
2024-08-19,AAPL,0.4296150093702461
2024-08-19,META,0.4556027706466086
2024-08-19,MSFT,0.5424462396908355
2024-08-19,NVDA,0.6374247333187293
2024-08-19,TSLA,0.501134556905361
2024-08-20,AAPL,0.4812204333117183
2024-08-20,META,0.4331336107558932
2024-08-20,MSFT,0.4995616315161404
2024-08-20,NVDA,0.6212744743834506
2024-08-20,TSLA,0.5473878689496521
2024-08-21,AAPL,0.4644305284363735
2024-08-21,META,0.4780606888756352
2024-08-21,MSFT,0.4306159123432578
2024-08-21,NVDA,0.5653107100084971
2024-08-21,TSLA,0.4935063603907381
2024-08-22,AAPL,0.4579917706510236
2024-08-22,META,0.5181002169327253
2024-08-22,MSFT,0.4254131261275312
2024-08-22,NVDA,0.6178303574352721
2024-08-22,TSLA,0.5620315430149636
2024-08-23,AAPL,0.4746071279519197
2024-08-23,META,0.5032734877116514
2024-08-23,MSFT,0.4171622442403532
2024-08-23,NVDA,0.5759956824707765
2024-08-23,TSLA,0.4467532672500597
2024-08-26,AAPL,0.4642771145024288
2024-08-26,META,0.4652565119074467
2024-08-26,MSFT,0.4373569012265001
2024-08-26,NVDA,0.6240022822012672
2024-08-26,TSLA,0.6399461487851333
2024-08-27,AAPL,0.4950197129105343
2024-08-27,META,0.4623685245818922
2024-08-27,MSFT,0.3408634346224633
2024-08-27,NVDA,0.617987982939546
2024-08-27,TSLA,0.5802933722429117
2024-08-28,AAPL,0.4952877421702184
2024-08-28,META,0.5004217052515225
2024-08-28,MSFT,0.3213385977070396
2024-08-28,NVDA,0.6229873552163322
2024-08-28,TSLA,0.5384831601139438
2024-08-29,AAPL,0.4205875520635908
2024-08-29,META,0.5250986023508053
2024-08-29,MSFT,0.3908526884568177
2024-08-29,NVDA,0.6001690069912962
2024-08-29,TSLA,0.4553298871435933
2024-08-30,AAPL,0.4740799303233535
2024-08-30,META,0.4965648204583734
2024-08-30,MSFT,0.4699156488710045
2024-08-30,NVDA,0.4437383141271568
2024-08-30,TSLA,0.6102699172430512
2024-09-03,AAPL,0.4167247388880755
2024-09-03,META,0.4934308350589227
2024-09-03,MSFT,0.4211320327031516
2024-09-03,NVDA,0.5745232700690541
2024-09-03,TSLA,0.5967599007864618
2024-09-04,AAPL,0.4306057159699548
2024-09-04,META,0.5110814302041813
2024-09-04,MSFT,0.5021153999492053
2024-09-04,NVDA,0.5848974600554309
2024-09-04,TSLA,0.6007994883734084
2024-09-05,AAPL,0.457399938526785
2024-09-05,META,0.5392907606562525
2024-09-05,MSFT,0.5289480390410769
2024-09-05,NVDA,0.6311329973081159
2024-09-05,TSLA,0.6563501118610114
2024-09-06,AAPL,0.4894302536609405
2024-09-06,META,0.4561867347171841
2024-09-06,MSFT,0.5077960705740439
2024-09-06,NVDA,0.5955623309217195
2024-09-06,TSLA,0.6335767142897967
2024-09-09,AAPL,0.5535221400376183
2024-09-09,META,0.5197240430857257
2024-09-09,MSFT,0.3034902856868289
2024-09-09,NVDA,0.5204427360954134
2024-09-09,TSLA,0.5235039672726466
2024-09-10,AAPL,0.5478021395451336
2024-09-10,META,0.4509940762241575
2024-09-10,MSFT,0.4876891162120931
2024-09-10,NVDA,0.6525512906136247
2024-09-10,TSLA,0.4886599779688469
2024-09-11,AAPL,0.4656960772452476
2024-09-11,META,0.4815964391101749
2024-09-11,MSFT,0.5399814584517697
2024-09-11,NVDA,0.642031970027227
2024-09-11,TSLA,0.5088237933191495
2024-09-12,AAPL,0.4599802808619992
2024-09-12,META,0.4953506553327797
2024-09-12,MSFT,0.5673317626336665
2024-09-12,NVDA,0.5964468708618339
2024-09-12,TSLA,0.5422718739358963
2024-09-13,AAPL,0.4398008366140845
2024-09-13,META,0.6077505035929047
2024-09-13,MSFT,0.5308496803548537
2024-09-13,NVDA,0.5807242597395134
2024-09-13,TSLA,0.5543267018883475
2024-09-16,AAPL,0.3433982023809342
2024-09-16,META,0.5190822343495248
2024-09-16,MSFT,0.3698374214380343
2024-09-16,NVDA,0.4597403049049233
2024-09-16,TSLA,0.4726789046297069
2024-09-17,AAPL,0.3872086148205421
2024-09-17,META,0.572741047971701
2024-09-17,MSFT,0.4219793391209125
2024-09-17,NVDA,0.4630665211857749
2024-09-17,TSLA,0.4339007390387607
2024-09-18,AAPL,0.4033967895661358
2024-09-18,META,0.448843095968399
2024-09-18,MSFT,0.5221310595743877
2024-09-18,NVDA,0.5995074469873423
2024-09-18,TSLA,0.4421155270026175
2024-09-19,AAPL,0.357331835558566
2024-09-19,META,0.3833260736667772
2024-09-19,MSFT,0.4258631219581731
2024-09-19,NVDA,0.5382863978369278
2024-09-19,TSLA,0.4422197168203743
2024-09-20,AAPL,0.6253989802116598
2024-09-20,META,0.5530458206411321
2024-09-20,MSFT,0.6036757201886157
2024-09-20,NVDA,0.5792417855973738
2024-09-20,TSLA,0.4857855217379391
2024-09-23,AAPL,0.5891897557253636
2024-09-23,META,0.5186980735414652
2024-09-23,MSFT,0.2655388993960559
2024-09-23,NVDA,0.4029165610467246
2024-09-23,TSLA,0.591705912015081
2024-09-24,AAPL,0.6102426276056662
2024-09-24,META,0.425736123764999
2024-09-24,MSFT,0.200704597786941
2024-09-24,NVDA,0.398562229245275
2024-09-24,TSLA,0.6181028346856957
2024-09-25,AAPL,0.5792445305637213
2024-09-25,META,0.4861481613912276
2024-09-25,MSFT,0.233820803901114
2024-09-25,NVDA,0.4296278334252277
2024-09-25,TSLA,0.6467741408441766
2024-09-26,AAPL,0.5772478942762166
2024-09-26,META,0.5197288953845147
2024-09-26,MSFT,0.2192899973830031
2024-09-26,NVDA,0.3957326134997181
2024-09-26,TSLA,0.5917268465389027
2024-09-27,AAPL,0.5545383286127075
2024-09-27,META,0.4287527624874664
2024-09-27,MSFT,0.1534197004567442
2024-09-27,NVDA,0.4044141650555998
2024-09-27,TSLA,0.6010854234930024
2024-09-30,AAPL,0.5317482823535055
2024-09-30,META,0.4187380290936751
2024-09-30,MSFT,0.1991163259394646
2024-09-30,NVDA,0.4070451575208538
2024-09-30,TSLA,0.4861175800624946
2024-10-01,AAPL,0.5706760225752175
2024-10-01,META,0.5326186427782837
2024-10-01,MSFT,0.2767680291239662
2024-10-01,NVDA,0.4070965490170242
2024-10-01,TSLA,0.4463407717915358
2024-10-02,AAPL,0.5904434090815774
2024-10-02,META,0.4328302958981994
2024-10-02,MSFT,0.2396401617163952
2024-10-02,NVDA,0.4001371207097626
2024-10-02,TSLA,0.4893773086073386
2024-10-03,AAPL,0.4813039279361558
2024-10-03,META,0.5915657771921156
2024-10-03,MSFT,0.2862050364308325
2024-10-03,NVDA,0.441341300148819
2024-10-03,TSLA,0.4756423298501366
2024-10-04,AAPL,0.5390880513042234
2024-10-04,META,0.5519794630583
2024-10-04,MSFT,0.3044161372453246
2024-10-04,NVDA,0.4299584485738452
2024-10-04,TSLA,0.4729476173942835
2024-10-07,AAPL,0.527710589619768
2024-10-07,META,0.5418277980227637
2024-10-07,MSFT,0.1965588893219036
2024-10-07,NVDA,0.4326945583013054
2024-10-07,TSLA,0.6304380071038638
2024-10-08,AAPL,0.4744474976600757
2024-10-08,META,0.5905090333920302
2024-10-08,MSFT,0.1825215901429763
2024-10-08,NVDA,0.467343229993045
2024-10-08,TSLA,0.6089950280931423
2024-10-09,AAPL,0.5727999497393086
2024-10-09,META,0.5620761421196863
2024-10-09,MSFT,0.1758006775944418
2024-10-09,NVDA,0.601381370055683
2024-10-09,TSLA,0.6027543397670805
2024-10-10,AAPL,0.5377121114486483
2024-10-10,META,0.4960572317752654
2024-10-10,MSFT,0.2161733670148578
2024-10-10,NVDA,0.6077583812961036
2024-10-10,TSLA,0.6418826189716792
2024-10-11,AAPL,0.5133509543265418
2024-10-11,META,0.4954325532481808
2024-10-11,MSFT,0.3166630289040677
2024-10-11,NVDA,0.5800013207237951
2024-10-11,TSLA,0.5882499691106351
2024-10-14,AAPL,0.5532721424519312
2024-10-14,META,0.4659352638528406
2024-10-14,MSFT,0.1884297692337367
2024-10-14,NVDA,0.3715731273655298
2024-10-14,TSLA,0.5199540497955746
2024-10-15,AAPL,0.5294484993611241
2024-10-15,META,0.5092614551184181
2024-10-15,MSFT,0.3149141428995571
2024-10-15,NVDA,0.4395996219707406
2024-10-15,TSLA,0.5490023085207925
2024-10-16,AAPL,0.5020645010639251
2024-10-16,META,0.5076320361873161
2024-10-16,MSFT,0.3003456465875172
2024-10-16,NVDA,0.3937581912340716
2024-10-16,TSLA,0.6111312219682813
2024-10-17,AAPL,0.5368837036124589
2024-10-17,META,0.5380571324658953
2024-10-17,MSFT,0.2334540884194871
2024-10-17,NVDA,0.4018340705118874
2024-10-17,TSLA,0.5932518657586022
2024-10-18,AAPL,0.4758197475785992
2024-10-18,META,0.4913497103046702
2024-10-18,MSFT,0.2850708046815515
2024-10-18,NVDA,0.4694942071386123
2024-10-18,TSLA,0.4212372007630102
2024-10-21,AAPL,0.5647806694425462
2024-10-21,META,0.4643654819905335
2024-10-21,MSFT,0.2269294819945893
2024-10-21,NVDA,0.4425976306570836
2024-10-21,TSLA,0.448778971180935
2024-10-22,AAPL,0.6148668656257101
2024-10-22,META,0.4888513910295695
2024-10-22,MSFT,0.3011917987830986
2024-10-22,NVDA,0.4499664674961395
2024-10-22,TSLA,0.4661955554956606
2024-10-23,AAPL,0.6242818122723028
2024-10-23,META,0.4890822211212829
2024-10-23,MSFT,0.3195908815861937
2024-10-23,NVDA,0.470441749254235
2024-10-23,TSLA,0.5086141136609246
2024-10-24,AAPL,0.4123070427925824
2024-10-24,META,0.4819969531588032
2024-10-24,MSFT,0.3760259840706738
2024-10-24,NVDA,0.51784525720776
2024-10-24,TSLA,0.5691144889574173
2024-10-25,AAPL,0.607828729877514
2024-10-25,META,0.5047309658654107
2024-10-25,MSFT,0.4414372597715119
2024-10-25,NVDA,0.4873320911361823
2024-10-25,TSLA,0.6503758344084816
2024-10-28,AAPL,0.3819608302317812
2024-10-28,META,0.537179144430894
2024-10-28,MSFT,0.3069266102507718
2024-10-28,NVDA,0.4366169957158622
2024-10-28,TSLA,0.6239591037428066
2024-10-29,AAPL,0.3936733732144825
2024-10-29,META,0.4849226305965341
2024-10-29,MSFT,0.2046705822108948
2024-10-29,NVDA,0.366548316554293
2024-10-29,TSLA,0.6104537632417184
2024-10-30,AAPL,0.320175134620221
2024-10-30,META,0.4702736003060266
2024-10-30,MSFT,0.2816843484359019
2024-10-30,NVDA,0.4516915599526408
2024-10-30,TSLA,0.5579141611718024
2024-10-31,AAPL,0.3678479478704652
2024-10-31,META,0.4870212823788427
2024-10-31,MSFT,0.3468063083010312
2024-10-31,NVDA,0.4257200992172857
2024-10-31,TSLA,0.6001359444362082
2024-11-01,AAPL,0.4904351963299338
2024-11-01,META,0.4689055693716491
2024-11-01,MSFT,0.1860407811248691
2024-11-01,NVDA,0.4386601436225473
2024-11-01,TSLA,0.590303495884041
2024-11-04,AAPL,0.3645080745035964
2024-11-04,META,0.4971802755871645
2024-11-04,MSFT,0.1925827566557142
2024-11-04,NVDA,0.5040190417989652
2024-11-04,TSLA,0.5535131482777508
2024-11-05,AAPL,0.3496244302029137
2024-11-05,META,0.4548939557892724
2024-11-05,MSFT,0.1631880180479798
2024-11-05,NVDA,0.3966266288207082
2024-11-05,TSLA,0.5590644328982368
2024-11-06,AAPL,0.2809341108302028
2024-11-06,META,0.4402261107950532
2024-11-06,MSFT,0.1959238682388315
2024-11-06,NVDA,0.3890894474165238
2024-11-06,TSLA,0.5638593443313208
2024-11-07,AAPL,0.3464804608081575
2024-11-07,META,0.4438104079599415
2024-11-07,MSFT,0.2078741069784475
2024-11-07,NVDA,0.5714104338213233
2024-11-07,TSLA,0.6277408119388682
2024-11-08,AAPL,0.4159325465535527
2024-11-08,META,0.3635932775620845
2024-11-08,MSFT,0.1701669147350693
2024-11-08,NVDA,0.5837866661634493
2024-11-08,TSLA,0.6284013020698626
2024-11-11,AAPL,0.346208795281985
2024-11-11,META,0.3671460582993041
2024-11-11,MSFT,0.2186970175275396
2024-11-11,NVDA,0.4048109354605471
2024-11-11,TSLA,0.5551204352986371
2024-11-12,AAPL,0.2746469552870781
2024-11-12,META,0.4145957053600181
2024-11-12,MSFT,0.2312888031457573
2024-11-12,NVDA,0.3873588151688261
2024-11-12,TSLA,0.6195883046565365
2024-11-13,AAPL,0.358921110091867
2024-11-13,META,0.4500616132357995
2024-11-13,MSFT,0.3098173515981735
2024-11-13,NVDA,0.4845479390034988
2024-11-13,TSLA,0.6285504201256533
2024-11-14,AAPL,0.3669250898220053
2024-11-14,META,0.4013942152561805
2024-11-14,MSFT,0.2477508354468991
2024-11-14,NVDA,0.5736188047476869
2024-11-14,TSLA,0.5943101420575292
2024-11-15,AAPL,0.4151681268455603
2024-11-15,META,0.4438337362358804
2024-11-15,MSFT,0.4188832897630551
2024-11-15,NVDA,0.5848690494826675
2024-11-15,TSLA,0.5505079357812853
2024-11-18,AAPL,0.5003702010033424
2024-11-18,META,0.3822468381787723
2024-11-18,MSFT,0.22980043639188
2024-11-18,NVDA,0.3212226294464249
2024-11-18,TSLA,0.5474128492040088
2024-11-19,AAPL,0.4844635734874519
2024-11-19,META,0.480145251921301
2024-11-19,MSFT,0.2614836568087828
2024-11-19,NVDA,0.3447730771938296
2024-11-19,TSLA,0.5884190603397345
2024-11-20,AAPL,0.5257826662756047
2024-11-20,META,0.5466651036466662
2024-11-20,MSFT,0.365932479308666
2024-11-20,NVDA,0.4229284288081654
2024-11-20,TSLA,0.6162602417266033
2024-11-21,AAPL,0.5029107623058525
2024-11-21,META,0.5246653156747936
2024-11-21,MSFT,0.1733310452367986
2024-11-21,NVDA,0.4884396335962691
2024-11-21,TSLA,0.581321727814115
2024-11-22,AAPL,0.3930225709114417
2024-11-22,META,0.468106045311133
2024-11-22,MSFT,0.3729916927693492
2024-11-22,NVDA,0.5804462844367944
2024-11-22,TSLA,0.5874831355258797
2024-11-25,AAPL,0.4912456197230981
2024-11-25,META,0.5222897558048861
2024-11-25,MSFT,0.2260856107193685
2024-11-25,NVDA,0.4173038211255344
2024-11-25,TSLA,0.6009069195764818
2024-11-26,AAPL,0.5314627685623958
2024-11-26,META,0.4436096534292121
2024-11-26,MSFT,0.2858557985367734
2024-11-26,NVDA,0.3537709729553403
2024-11-26,TSLA,0.554951667955608
2024-11-27,AAPL,0.5436364198752048
2024-11-27,META,0.4332549000458799
2024-11-27,MSFT,0.2792907504814821
2024-11-27,NVDA,0.3893528873116571
2024-11-27,TSLA,0.5813342587928505
2024-11-29,AAPL,0.4487189101697079
2024-11-29,META,0.3087912689061116
2024-11-29,MSFT,0.1455086877854695
2024-11-29,NVDA,0.3621728052016508
2024-11-29,TSLA,0.5144474272391827
2024-12-02,AAPL,0.4918205872996964
2024-12-02,META,0.4244598026372082
2024-12-02,MSFT,0.3554893332493156
2024-12-02,NVDA,0.3665187242894151
2024-12-02,TSLA,0.5476014618523289
2024-12-03,AAPL,0.5178788778121919
2024-12-03,META,0.4645829867263495
2024-12-03,MSFT,0.3273639075553597
2024-12-03,NVDA,0.423985944116665
2024-12-03,TSLA,0.5986843730831277
2024-12-04,AAPL,0.6059653968679547
2024-12-04,META,0.523999697280278
2024-12-04,MSFT,0.4049563350035791
2024-12-04,NVDA,0.464661623760607
2024-12-04,TSLA,0.60839991804958
2024-12-05,AAPL,0.5319364117659795
2024-12-05,META,0.5775390387930882
2024-12-05,MSFT,0.3722446193341532
2024-12-05,NVDA,0.3801760840766433
2024-12-05,TSLA,0.4719743418569905
2024-12-06,AAPL,0.5045633414386668
2024-12-06,META,0.4747229799118991
2024-12-06,MSFT,0.3032176402317745
2024-12-06,NVDA,0.3613646594334432
2024-12-06,TSLA,0.6255789880484882
2024-12-09,AAPL,0.5690682325201357
2024-12-09,META,0.4897325566259424
2024-12-09,MSFT,0.2514907971855238
2024-12-09,NVDA,0.3469753902685907
2024-12-09,TSLA,0.609716647616695
2024-12-10,AAPL,0.5088742944198553
2024-12-10,META,0.4570422710753939
2024-12-10,MSFT,0.3330299773281616
2024-12-10,NVDA,0.4576592332729792
2024-12-10,TSLA,0.5337768374602907
2024-12-11,AAPL,0.5152257125278862
2024-12-11,META,0.4518418158393182
2024-12-11,MSFT,0.2950015010538584
2024-12-11,NVDA,0.542019115910333
2024-12-11,TSLA,0.5870433333550781
2024-12-12,AAPL,0.5516922075563635
2024-12-12,META,0.6011484482650319
2024-12-12,MSFT,0.4600390541836737
2024-12-12,NVDA,0.5561995015844818
2024-12-12,TSLA,0.6372301360362197
2024-12-13,AAPL,0.4763500843115806
2024-12-13,META,0.5026614573439773
2024-12-13,MSFT,0.4595287152036881
2024-12-13,NVDA,0.5089802745211031
2024-12-13,TSLA,0.6104789986964209
2024-12-16,AAPL,0.5089660843238983
2024-12-16,META,0.5295255030494359
2024-12-16,MSFT,0.2795903177906545
2024-12-16,NVDA,0.4947585640692689
2024-12-16,TSLA,0.6142810677338207
2024-12-17,AAPL,0.4700668835543991
2024-12-17,META,0.4880504160244756
2024-12-17,MSFT,0.3528814282990157
2024-12-17,NVDA,0.4944997082574346
2024-12-17,TSLA,0.6303711372773638
2024-12-18,AAPL,0.5586975208235775
2024-12-18,META,0.5033031647448749
2024-12-18,MSFT,0.3397454274079816
2024-12-18,NVDA,0.515945592483597
2024-12-18,TSLA,0.6005140512938021
2024-12-19,AAPL,0.6340280122072621
2024-12-19,META,0.5412725301482298
2024-12-19,MSFT,0.4812237720713938
2024-12-19,NVDA,0.5554994798509163
2024-12-19,TSLA,0.6220174156606227
2024-12-20,AAPL,0.5973332305164397
2024-12-20,META,0.4995314168289818
2024-12-20,MSFT,0.3356630002981411
2024-12-20,NVDA,0.5222263972708788
2024-12-20,TSLA,0.4679156208513598
2024-12-23,AAPL,0.5678511582947241
2024-12-23,META,0.3296035035144961
2024-12-23,MSFT,0.4622400515278969
2024-12-23,NVDA,0.5755193526444036
2024-12-23,TSLA,0.4005938536188598
2024-12-24,AAPL,0.4714136556256635
2024-12-24,META,0.4568914438435258
2024-12-24,MSFT,0.5429637948726236
2024-12-24,NVDA,0.5805149193359018
2024-12-24,TSLA,0.4956308766840291
2024-12-26,AAPL,0.5873403696880763
2024-12-26,META,0.4352213697856714
2024-12-26,MSFT,0.5202424616217551
2024-12-26,NVDA,0.5676245161319187
2024-12-26,TSLA,0.5343348420290776
2024-12-27,AAPL,0.6310309564571452
2024-12-27,META,0.442850538670527
2024-12-27,MSFT,0.4639672858087687
2024-12-27,NVDA,0.4466106780849855
2024-12-27,TSLA,0.5750126062503831
2024-12-30,AAPL,0.5369823850682354
2024-12-30,META,0.3055715488680391
2024-12-30,MSFT,0.314718434973384
2024-12-30,NVDA,0.3753369557260846
2024-12-30,TSLA,0.5119225401290095
2024-12-31,AAPL,0.4646861382148436
2024-12-31,META,0.2975809245133275
2024-12-31,MSFT,0.3907538076058934
2024-12-31,NVDA,0.4355102891474052
2024-12-31,TSLA,0.5216353827006751
2025-01-02,AAPL,0.485655664878986
2025-01-02,META,0.3650957234409037
2025-01-02,MSFT,0.3782151158335675
2025-01-02,NVDA,0.3956766033564712
2025-01-02,TSLA,0.4401794687700017
2025-01-03,AAPL,0.3792789447536993
2025-01-03,META,0.3403984234305096
2025-01-03,MSFT,0.3416320178511328
2025-01-03,NVDA,0.3993388126694285
2025-01-03,TSLA,0.4202649590158723
2025-01-06,AAPL,0.524816772419361
2025-01-06,META,0.490780487745527
2025-01-06,MSFT,0.3876365112021005
2025-01-06,NVDA,0.4473398925145497
2025-01-06,TSLA,0.5123808190852506
2025-01-07,AAPL,0.4934856454107808
2025-01-07,META,0.4425663148344907
2025-01-07,MSFT,0.3597622662204874
2025-01-07,NVDA,0.5828341336670669
2025-01-07,TSLA,0.4382290503194496
2025-01-08,AAPL,0.4332607646853521
2025-01-08,META,0.4189357403099062
2025-01-08,MSFT,0.3724086870681145
2025-01-08,NVDA,0.5917595074622447
2025-01-08,TSLA,0.3925327609162725
2025-01-10,AAPL,0.5100263224667703
2025-01-10,META,0.4532672435924187
2025-01-10,MSFT,0.4310427413756649
2025-01-10,NVDA,0.6062269352604123
2025-01-10,TSLA,0.5344602703737952
2025-01-13,AAPL,0.3531956007407354
2025-01-13,META,0.3910482064344476
2025-01-13,MSFT,0.4662416442991181
2025-01-13,NVDA,0.4263660375397761
2025-01-13,TSLA,0.4474774722721439
2025-01-14,AAPL,0.3522802201773698
2025-01-14,META,0.4424260118457296
2025-01-14,MSFT,0.3628875956310756
2025-01-14,NVDA,0.428440224840416
2025-01-14,TSLA,0.5623876944485039
2025-01-15,AAPL,0.3761562352985391
2025-01-15,META,0.3361750878557696
2025-01-15,MSFT,0.3789575297739884
2025-01-15,NVDA,0.403873150335963
2025-01-15,TSLA,0.3130142940330068
2025-01-16,AAPL,0.4785540223835843
2025-01-16,META,0.4079887184846569
2025-01-16,MSFT,0.5208302477259542
2025-01-16,NVDA,0.4189058728294392
2025-01-16,TSLA,0.5264043703144697
2025-01-17,AAPL,0.4230882861477437
2025-01-17,META,0.5799616130023345
2025-01-17,MSFT,0.4668841894482425
2025-01-17,NVDA,0.4732460930547815
2025-01-17,TSLA,0.2587184145029815
2025-01-21,AAPL,0.4370583807711493
2025-01-21,META,0.4211777335726666
2025-01-21,MSFT,0.3976274361562268
2025-01-21,NVDA,0.5587618536458012
2025-01-21,TSLA,0.4195463068293354
2025-01-22,AAPL,0.327404562062087
2025-01-22,META,0.405472049119544
2025-01-22,MSFT,0.3354135911659983
2025-01-22,NVDA,0.5604308571800658
2025-01-22,TSLA,0.4267628185692828
2025-01-23,AAPL,0.4401127702142235
2025-01-23,META,0.5421456687919634
2025-01-23,MSFT,0.5394587637638717
2025-01-23,NVDA,0.5898725111289368
2025-01-23,TSLA,0.4506003108690666
2025-01-24,AAPL,0.3127071737728153
2025-01-24,META,0.4362427468829108
2025-01-24,MSFT,0.3577584973991336
2025-01-24,NVDA,0.5350122914907459
2025-01-24,TSLA,0.4751140718112612
2025-01-27,AAPL,0.3761954173174839
2025-01-27,META,0.3849741740230707
2025-01-27,MSFT,0.3459811119238439
2025-01-27,NVDA,0.4558260232489626
2025-01-27,TSLA,0.3619984449904886
2025-01-28,AAPL,0.6089305313037658
2025-01-28,META,0.3548530050409925
2025-01-28,MSFT,0.3830922718493707
2025-01-28,NVDA,0.4656271761992081
2025-01-28,TSLA,0.3835997950688481
2025-01-29,AAPL,0.5305874272311886
2025-01-29,META,0.4785956550841538
2025-01-29,MSFT,0.4023404896855889
2025-01-29,NVDA,0.4697831016375698
2025-01-29,TSLA,0.4493845592826011
2025-01-30,AAPL,0.4558099104550181
2025-01-30,META,0.4920273227296547
2025-01-30,MSFT,0.4566093720280337
2025-01-30,NVDA,0.49597249374844
2025-01-30,TSLA,0.5901015438149663
2025-01-31,AAPL,0.4789411345816685
2025-01-31,META,0.3870167789158754
2025-01-31,MSFT,0.3366692563942818
2025-01-31,NVDA,0.5482260967743587
2025-01-31,TSLA,0.5140284191552398
2025-02-03,AAPL,0.3919915559832694
2025-02-03,META,0.4547805419564774
2025-02-03,MSFT,0.2855942848936228
2025-02-03,NVDA,0.3717576859378966
2025-02-03,TSLA,0.4300334640541706
2025-02-04,AAPL,0.3847136551876826
2025-02-04,META,0.4162679409804447
2025-02-04,MSFT,0.244727410702932
2025-02-04,NVDA,0.4171830538959176
2025-02-04,TSLA,0.4649894857415927
2025-02-05,AAPL,0.4123977695749604
2025-02-05,META,0.4844069263313817
2025-02-05,MSFT,0.3125888141392677
2025-02-05,NVDA,0.460816876278881
2025-02-05,TSLA,0.4833982078593338
2025-02-06,AAPL,0.3579838645329246
2025-02-06,META,0.4028854351324022
2025-02-06,MSFT,0.2787778096486272
2025-02-06,NVDA,0.4545287311609108
2025-02-06,TSLA,0.3086085567957378
2025-02-07,AAPL,0.4622041411621752
2025-02-07,META,0.6235499996981835
2025-02-07,MSFT,0.3691842235138267
2025-02-07,NVDA,0.4743860781577563
2025-02-07,TSLA,0.5597142043432894
2025-02-10,AAPL,0.3617746539879384
2025-02-10,META,0.5281881536192226
2025-02-10,MSFT,0.3199562418783047
2025-02-10,NVDA,0.527491414682488
2025-02-10,TSLA,0.2849076490015443
2025-02-11,AAPL,0.4367165588360613
2025-02-11,META,0.4852237092309626
2025-02-11,MSFT,0.2419195131161493
2025-02-11,NVDA,0.5477670479501173
2025-02-11,TSLA,0.2962874692099013
2025-02-12,AAPL,0.4556776732059316
2025-02-12,META,0.5404320956188946
2025-02-12,MSFT,0.2757301341536307
2025-02-12,NVDA,0.5886647368417374
2025-02-12,TSLA,0.3095355217300196
2025-02-13,AAPL,0.467348402165947
2025-02-13,META,0.5023207566557226
2025-02-13,MSFT,0.2424663840295011
2025-02-13,NVDA,0.5473875425519434
2025-02-13,TSLA,0.403179791034799
2025-02-14,AAPL,0.4375033385154512
2025-02-14,META,0.5565176066277722
2025-02-14,MSFT,0.3941221647792186
2025-02-14,NVDA,0.4897032839126409
2025-02-14,TSLA,0.5291302951786994
2025-02-18,AAPL,0.5101710577627121
2025-02-18,META,0.4524098608031636
2025-02-18,MSFT,0.2872200749296651
2025-02-18,NVDA,0.5650722632039625
2025-02-18,TSLA,0.421521582300626
2025-02-19,AAPL,0.4883858168552304
2025-02-19,META,0.2489497819211671
2025-02-19,MSFT,0.4813648970082132
2025-02-19,NVDA,0.6088251677540168
2025-02-19,TSLA,0.4234661057069335
2025-02-20,AAPL,0.4954970739990219
2025-02-20,META,0.2167395432823438
2025-02-20,MSFT,0.3408614827680019
2025-02-20,NVDA,0.5770775227950523
2025-02-20,TSLA,0.3831499355794419
2025-02-21,AAPL,0.5421029478008059
2025-02-21,META,0.2342408646309308
2025-02-21,MSFT,0.3255001971633059
2025-02-21,NVDA,0.5664718827443437
2025-02-21,TSLA,0.4616701294730563
2025-02-24,AAPL,0.556496824099142
2025-02-24,META,0.2190556891497436
2025-02-24,MSFT,0.3502493783250831
2025-02-24,NVDA,0.5197194981078336
2025-02-24,TSLA,0.4300476595429358
2025-02-25,AAPL,0.5478252531294521
2025-02-25,META,0.1670677309213228
2025-02-25,MSFT,0.3195515356272195
2025-02-25,NVDA,0.3940557816419963
2025-02-25,TSLA,0.3435201673719952
2025-02-26,AAPL,0.5399839477598761
2025-02-26,META,0.411059991800665
2025-02-26,MSFT,0.3127813521760046
2025-02-26,NVDA,0.5605796252892001
2025-02-26,TSLA,0.3854797106544464
2025-02-27,AAPL,0.5803444175051149
2025-02-27,META,0.4331072299803487
2025-02-27,MSFT,0.412731932080979
2025-02-27,NVDA,0.563957454161771
2025-02-27,TSLA,0.338419238417691
2025-02-28,AAPL,0.5385870794537209
2025-02-28,META,0.3918595836296021
2025-02-28,MSFT,0.3982476444606109
2025-02-28,NVDA,0.5139701002814975
2025-02-28,TSLA,0.3964668944177213
2025-03-03,AAPL,0.543825537135531
2025-03-03,META,0.5044723004984187
2025-03-03,MSFT,0.3728656395091773
2025-03-03,NVDA,0.4059441805866443
2025-03-03,TSLA,0.4099457453233882
2025-03-04,AAPL,0.5190725055981948
2025-03-04,META,0.3773404265636324
2025-03-04,MSFT,0.3246212955318786
2025-03-04,NVDA,0.3124313429232822
2025-03-04,TSLA,0.3457035380799889
2025-03-05,AAPL,0.5592185999190341
2025-03-05,META,0.5453646129016887
2025-03-05,MSFT,0.4768113750293781
2025-03-05,NVDA,0.4029469335495705
2025-03-05,TSLA,0.3464283977317484
2025-03-06,AAPL,0.5549162699164194
2025-03-06,META,0.4648677217892107
2025-03-06,MSFT,0.4413042121274841
2025-03-06,NVDA,0.4518788280244911
2025-03-06,TSLA,0.4512223555160303
2025-03-07,AAPL,0.5610584357960624
2025-03-07,META,0.4061574108228029
2025-03-07,MSFT,0.3990506679912086
2025-03-07,NVDA,0.4106590015440524
2025-03-07,TSLA,0.5490369472928484
2025-03-10,AAPL,0.5510786055290788
2025-03-10,META,0.3123608411718456
2025-03-10,MSFT,0.3823556198179344
2025-03-10,NVDA,0.3750395216017974
2025-03-10,TSLA,0.3788271271275554
2025-03-11,AAPL,0.4971386725467551
2025-03-11,META,0.4222352924046528
2025-03-11,MSFT,0.4397709349648841
2025-03-11,NVDA,0.3580481267817425
2025-03-11,TSLA,0.297442849991604
2025-03-12,AAPL,0.4923451810476902
2025-03-12,META,0.5325017904585196
2025-03-12,MSFT,0.45804390318646
2025-03-12,NVDA,0.4834738977003942
2025-03-12,TSLA,0.4013080435182094
2025-03-13,AAPL,0.426753749645516
2025-03-13,META,0.5004801419499093
2025-03-13,MSFT,0.4723503783290549
2025-03-13,NVDA,0.5217997449829956
2025-03-13,TSLA,0.4888857091431815
2025-03-14,AAPL,0.4712821359161256
2025-03-14,META,0.4713675661702674
2025-03-14,MSFT,0.4773402802651084
2025-03-14,NVDA,0.5130849236348799
2025-03-14,TSLA,0.5711266423823684
2025-03-17,AAPL,0.3559701304246055
2025-03-17,META,0.3271739796918108
2025-03-17,MSFT,0.4101559511668279
2025-03-17,NVDA,0.5270033701812272
2025-03-17,TSLA,0.4963244721009132
2025-03-18,AAPL,0.451626000842367
2025-03-18,META,0.3042937687745685
2025-03-18,MSFT,0.3793395852285132
2025-03-18,NVDA,0.5974181051363805
2025-03-18,TSLA,0.4214725180824105
2025-03-19,AAPL,0.4629220426387872
2025-03-19,META,0.3573059783620836
2025-03-19,MSFT,0.3899540209243248
2025-03-19,NVDA,0.528337945970372
2025-03-19,TSLA,0.3996322079296041
2025-03-20,AAPL,0.4261343977619741
2025-03-20,META,0.286766618265258
2025-03-20,MSFT,0.3478366777157035
2025-03-20,NVDA,0.5705157173488843
2025-03-20,TSLA,0.473955497351909
2025-03-21,AAPL,0.4333934857416579
2025-03-21,META,0.3557741799479433
2025-03-21,MSFT,0.3480434499940252
2025-03-21,NVDA,0.4425069689090625
2025-03-21,TSLA,0.4783576156742209
2025-03-24,AAPL,0.4304571582663629
2025-03-24,META,0.4491699804310291
2025-03-24,MSFT,0.48577261592927
2025-03-24,NVDA,0.3381417694083068
2025-03-24,TSLA,0.5292745503947212
2025-03-25,AAPL,0.5669871692325102
2025-03-25,META,0.3854267328463485
2025-03-25,MSFT,0.4487632287692281
2025-03-25,NVDA,0.3808433957501985
2025-03-25,TSLA,0.5245974984784243
2025-03-26,AAPL,0.451372479996763
2025-03-26,META,0.3822104626921062
2025-03-26,MSFT,0.4234044040839064
2025-03-26,NVDA,0.4291408970778716
2025-03-26,TSLA,0.5156387099382228
2025-03-27,AAPL,0.5696274635842927
2025-03-27,META,0.3101335350462016
2025-03-27,MSFT,0.4437292776411461
2025-03-27,NVDA,0.3972493275634081
2025-03-27,TSLA,0.5054930965728865
2025-03-28,AAPL,0.5643769397088769
2025-03-28,META,0.3227008438859334
2025-03-28,MSFT,0.4242640506718715
2025-03-28,NVDA,0.5207902814578129
2025-03-28,TSLA,0.5149509037705065
2025-03-31,AAPL,0.415840253346748
2025-03-31,META,0.3254671689592046
2025-03-31,MSFT,0.3102466116805419
2025-03-31,NVDA,0.3417158130349738
2025-03-31,TSLA,0.4665667534898323
2025-04-01,AAPL,0.5264981138052156
2025-04-01,META,0.4498214403809272
2025-04-01,MSFT,0.5395467431009026
2025-04-01,NVDA,0.5200200965457674
2025-04-01,TSLA,0.4955169727371089
2025-04-02,AAPL,0.5447630350551204
2025-04-02,META,0.4378005420415911
2025-04-02,MSFT,0.5184605493124977
2025-04-02,NVDA,0.5940047096058897
2025-04-02,TSLA,0.5653640387270863
2025-04-03,AAPL,0.5527246470026839
2025-04-03,META,0.3754347082982024
2025-04-03,MSFT,0.4954425565758857
2025-04-03,NVDA,0.56291032495893
2025-04-03,TSLA,0.5414984835822092
2025-04-04,AAPL,0.2576473086240409
2025-04-04,META,0.32976286451321
2025-04-04,MSFT,0.3288715666857884
2025-04-04,NVDA,0.4728459934128545
2025-04-04,TSLA,0.3948907101560555
2025-04-07,AAPL,0.2607137925624657
2025-04-07,META,0.3862783747443961
2025-04-07,MSFT,0.4323008080868322
2025-04-07,NVDA,0.4406045936285879
2025-04-07,TSLA,0.3419185196730623
2025-04-08,AAPL,0.3096972801762755
2025-04-08,META,0.4383474229064505
2025-04-08,MSFT,0.4304290074930839
2025-04-08,NVDA,0.585630159402487
2025-04-08,TSLA,0.4276614608822215
2025-04-09,AAPL,0.3448134960521111
2025-04-09,META,0.4529346088818086
2025-04-09,MSFT,0.475716650482289
2025-04-09,NVDA,0.5489660000070102
2025-04-09,TSLA,0.3258119483701711
2025-04-10,AAPL,0.4810443515646761
2025-04-10,META,0.3822401108783371
2025-04-10,MSFT,0.4138249343357311
2025-04-10,NVDA,0.6195640259320027
2025-04-10,TSLA,0.4267435657921797
2025-04-11,AAPL,0.3797537078459874
2025-04-11,META,0.4058842402108817
2025-04-11,MSFT,0.4391653604420737
2025-04-11,NVDA,0.6211738500966281
2025-04-11,TSLA,0.3689683240977641
2025-04-14,AAPL,0.4545223786438425
2025-04-14,META,0.3271898087632791
2025-04-14,MSFT,0.4665518091869365
2025-04-14,NVDA,0.5885812275468145
2025-04-14,TSLA,0.4192687984807184
2025-04-15,AAPL,0.471356864412441
2025-04-15,META,0.3651262223698607
2025-04-15,MSFT,0.3232104504289173
2025-04-15,NVDA,0.4835625284536551
2025-04-15,TSLA,0.397883008229074
2025-04-16,AAPL,0.3431312289619661
2025-04-16,META,0.3314002355444251
2025-04-16,MSFT,0.3825924201202942
2025-04-16,NVDA,0.4769508642550773
2025-04-16,TSLA,0.4390553043063709
2025-04-17,AAPL,0.3242880929720946
2025-04-17,META,0.4046418205329234
2025-04-17,MSFT,0.3450853346728236
2025-04-17,NVDA,0.5482807444338224
2025-04-17,TSLA,0.4716981026647394
2025-04-21,AAPL,0.3575067845275578
2025-04-21,META,0.2953090858419409
2025-04-21,MSFT,0.2952223963415927
2025-04-21,NVDA,0.3986541080966803
2025-04-21,TSLA,0.4332445234356447
2025-04-22,AAPL,0.3395807717939186
2025-04-22,META,0.3358837126088075
2025-04-22,MSFT,0.2762796028403618
2025-04-22,NVDA,0.4265086507601152
2025-04-22,TSLA,0.4223738682181542
2025-04-23,AAPL,0.4678387439594333
2025-04-23,META,0.4292186356863092
2025-04-23,MSFT,0.3639252201698899
2025-04-23,NVDA,0.4414867360740909
2025-04-23,TSLA,0.491288759639057
2025-04-24,AAPL,0.4425211533926977
2025-04-24,META,0.4432783415598478
2025-04-24,MSFT,0.5439950009215561
2025-04-24,NVDA,0.4879482857377076
2025-04-24,TSLA,0.5269438293305782
2025-04-25,AAPL,0.4950064544943903
2025-04-25,META,0.5913522798051924
2025-04-25,MSFT,0.6254425193519597
2025-04-25,NVDA,0.4854034994837917
2025-04-25,TSLA,0.5824321431001817
2025-04-28,AAPL,0.4457476838705687
2025-04-28,META,0.5792349868324483
2025-04-28,MSFT,0.4654502659494041
2025-04-28,NVDA,0.5305490516512674
2025-04-28,TSLA,0.5105660484509414
2025-04-29,AAPL,0.4306529865066978
2025-04-29,META,0.5845326334557079
2025-04-29,MSFT,0.3824759034638462
2025-04-29,NVDA,0.4619256146523031
2025-04-29,TSLA,0.4944526506570222
2025-04-30,AAPL,0.5467735191408
2025-04-30,META,0.5438637981797186
2025-04-30,MSFT,0.4639557703411845
2025-04-30,NVDA,0.4673123466787915
2025-04-30,TSLA,0.444432943936569
2025-05-01,AAPL,0.5733610157802481
2025-05-01,META,0.5668208615224508
2025-05-01,MSFT,0.4981560550443112
2025-05-01,NVDA,0.45285655484662
2025-05-01,TSLA,0.4737865872859443
2025-05-02,AAPL,0.4622415224404946
2025-05-02,META,0.5988345081939647
2025-05-02,MSFT,0.5231511861448608
2025-05-02,NVDA,0.5448114522019772
2025-05-02,TSLA,0.4611208978054884
2025-05-05,AAPL,0.4389003516406805
2025-05-05,META,0.5704163021221106
2025-05-05,MSFT,0.5340178902665084
2025-05-05,NVDA,0.6210089962041444
2025-05-05,TSLA,0.4238439850691948
2025-05-06,AAPL,0.429140196975638
2025-05-06,META,0.5165963174950016
2025-05-06,MSFT,0.5029337837736045
2025-05-06,NVDA,0.5766359791757157
2025-05-06,TSLA,0.3569292982426035
2025-05-07,AAPL,0.4774403735639632
2025-05-07,META,0.6326064798957096
2025-05-07,MSFT,0.5274929237265171
2025-05-07,NVDA,0.5128528807136707
2025-05-07,TSLA,0.3968809895093117
2025-05-08,AAPL,0.4064246262899874
2025-05-08,META,0.54237423775682
2025-05-08,MSFT,0.517666810070484
2025-05-08,NVDA,0.6090636656421881
2025-05-08,TSLA,0.3412032144600773
2025-05-09,AAPL,0.2999053826279993
2025-05-09,META,0.4320441767693735
2025-05-09,MSFT,0.3137810030572962
2025-05-09,NVDA,0.580671927529873
2025-05-09,TSLA,0.5406336589398998
2025-05-12,AAPL,0.353441536781711
2025-05-12,META,0.5361329647347686
2025-05-12,MSFT,0.3398921717460189
2025-05-12,NVDA,0.363817236729711
2025-05-12,TSLA,0.4245136179802965
2025-05-13,AAPL,0.3647423005731519
2025-05-13,META,0.5339414543985463
2025-05-13,MSFT,0.2626208498465043
2025-05-13,NVDA,0.3992327093936673
2025-05-13,TSLA,0.5196948525998437
2025-05-14,AAPL,0.3851733617678365
2025-05-14,META,0.4915518519006238
2025-05-14,MSFT,0.3408740392735737
2025-05-14,NVDA,0.5860272942968662
2025-05-14,TSLA,0.5740362247782749
2025-05-15,AAPL,0.4062588200258086
2025-05-15,META,0.5133311608729497
2025-05-15,MSFT,0.4379910558386782
2025-05-15,NVDA,0.5571195345424959
2025-05-15,TSLA,0.633257711924925
2025-05-16,AAPL,0.5685551019227085
2025-05-16,META,0.4256941561372145
2025-05-16,MSFT,0.3149512264348556
2025-05-16,NVDA,0.5661991378857288
2025-05-16,TSLA,0.6456487458948806
2025-05-19,AAPL,0.4310158964370428
2025-05-19,META,0.3721362749419932
2025-05-19,MSFT,0.3006793291270581
2025-05-19,NVDA,0.5958050167937365
2025-05-19,TSLA,0.6366248842071601
2025-05-20,AAPL,0.3875433885720856
2025-05-20,META,0.4047991252053433
2025-05-20,MSFT,0.3502751790427746
2025-05-20,NVDA,0.6002044567156891
2025-05-20,TSLA,0.6298012868984639
2025-05-21,AAPL,0.4790420843505104
2025-05-21,META,0.4351086056485704
2025-05-21,MSFT,0.3150127533626297
2025-05-21,NVDA,0.6292350103434737
2025-05-21,TSLA,0.6138309994736063
2025-05-22,AAPL,0.396178448037782
2025-05-22,META,0.4737349864321486
2025-05-22,MSFT,0.3690842130779292
2025-05-22,NVDA,0.632729379755192
2025-05-22,TSLA,0.5921890233026409
2025-05-23,AAPL,0.4442643023451421
2025-05-23,META,0.4565870311021656
2025-05-23,MSFT,0.4008072683142009
2025-05-23,NVDA,0.6118910222931508
2025-05-23,TSLA,0.6341248057669707
2025-05-27,AAPL,0.3189662611118771
2025-05-27,META,0.4092269911602924
2025-05-27,MSFT,0.4085790122752454
2025-05-27,NVDA,0.4724551626520085
2025-05-27,TSLA,0.5896338655651879
2025-05-28,AAPL,0.3657755502735607
2025-05-28,META,0.4716037499594352
2025-05-28,MSFT,0.4134945786671889
2025-05-28,NVDA,0.5191116909092263
2025-05-28,TSLA,0.6235438001744602
2025-05-29,AAPL,0.3910082004433257
2025-05-29,META,0.4562043314252552
2025-05-29,MSFT,0.3731212237459245
2025-05-29,NVDA,0.5539051324983453
2025-05-29,TSLA,0.6052580994135783
2025-05-30,AAPL,0.4011240255959188
2025-05-30,META,0.4028752114656568
2025-05-30,MSFT,0.3633712445849975
2025-05-30,NVDA,0.5806333437863481
2025-05-30,TSLA,0.638385746186912
2025-06-02,AAPL,0.4909360227642407
2025-06-02,META,0.5413223625540944
2025-06-02,MSFT,0.4194656650656562
2025-06-02,NVDA,0.538275880366179
2025-06-02,TSLA,0.6200059882143643
2025-06-03,AAPL,0.3612729860715236
2025-06-03,META,0.4939037685071275
2025-06-03,MSFT,0.2911927387858622
2025-06-03,NVDA,0.5914454562752671
2025-06-03,TSLA,0.565115902059102
2025-06-04,AAPL,0.5166733528539168
2025-06-04,META,0.5325975613896337
2025-06-04,MSFT,0.3951880135604736
2025-06-04,NVDA,0.5993036984185456
2025-06-04,TSLA,0.6273426968535301
2025-06-05,AAPL,0.3899428343111156
2025-06-05,META,0.5519119539002391
2025-06-05,MSFT,0.3806062075574711
2025-06-05,NVDA,0.5769536175160818
2025-06-05,TSLA,0.4433467499857875
2025-06-06,AAPL,0.3452169752013165
2025-06-06,META,0.5186192203673743
2025-06-06,MSFT,0.3329272584421304
2025-06-06,NVDA,0.5441017352815235
2025-06-06,TSLA,0.5053779422385467
2025-06-09,AAPL,0.5067773124395376
2025-06-09,META,0.5674924208076254
2025-06-09,MSFT,0.4677078553418512
2025-06-09,NVDA,0.554243015371715
2025-06-09,TSLA,0.3687656422956081
2025-06-10,AAPL,0.3435948659231894
2025-06-10,META,0.5435464836106366
2025-06-10,MSFT,0.3954677758612594
2025-06-10,NVDA,0.611154210831666
2025-06-10,TSLA,0.3702795365561276
2025-06-11,AAPL,0.369200386785688
2025-06-11,META,0.4462170896444875
2025-06-11,MSFT,0.4234747673962071
2025-06-11,NVDA,0.5037823527824221
2025-06-11,TSLA,0.6481572085125342
2025-06-12,AAPL,0.3964670657268959
2025-06-12,META,0.4677117354809196
2025-06-12,MSFT,0.4628373679085824
2025-06-12,NVDA,0.593987689307705
2025-06-12,TSLA,0.5155619803484232
2025-06-13,AAPL,0.3532689631804552
2025-06-13,META,0.3577746880554296
2025-06-13,MSFT,0.3547230330861863
2025-06-13,NVDA,0.5851828722315878
2025-06-13,TSLA,0.575101782977916
2025-06-16,AAPL,0.3279302173774068
2025-06-16,META,0.4137700938881986
2025-06-16,MSFT,0.3246330071704936
2025-06-16,NVDA,0.5174323184344984
2025-06-16,TSLA,0.4632852194179469
2025-06-17,AAPL,0.3096683317951372
2025-06-17,META,0.462166277001187
2025-06-17,MSFT,0.3287398393410719
2025-06-17,NVDA,0.5536036495791756
2025-06-17,TSLA,0.5182003911449177
2025-06-18,AAPL,0.3438358773956654
2025-06-18,META,0.4213559267095404
2025-06-18,MSFT,0.4002409847956281
2025-06-18,NVDA,0.5983608077302945
2025-06-18,TSLA,0.4334465336367807
2025-06-20,AAPL,0.3552270808030339
2025-06-20,META,0.3763893202953265
2025-06-20,MSFT,0.3384853616650535
2025-06-20,NVDA,0.5563027333475272
2025-06-20,TSLA,0.5611618676179054
2025-06-23,AAPL,0.3401949037373858
2025-06-23,META,0.4254132417031317
2025-06-23,MSFT,0.3041063943701374
2025-06-23,NVDA,0.4614857953434737
2025-06-23,TSLA,0.5340613247798868
2025-06-24,AAPL,0.2567716681402573
2025-06-24,META,0.3863901420205987
2025-06-24,MSFT,0.418864434939175
2025-06-24,NVDA,0.4421687034931074
2025-06-24,TSLA,0.4699490928888044
2025-06-25,AAPL,0.2814299790733623
2025-06-25,META,0.3020062219918771
2025-06-25,MSFT,0.4286757763958448
2025-06-25,NVDA,0.379120675103473
2025-06-25,TSLA,0.3575839259711667
2025-06-26,AAPL,0.2721700402564826
2025-06-26,META,0.4190394561334881
2025-06-26,MSFT,0.3804781795477068
2025-06-26,NVDA,0.4104899828468477
2025-06-26,TSLA,0.4081898581029727
2025-06-27,AAPL,0.3092784152548982
2025-06-27,META,0.4718507880465723
2025-06-27,MSFT,0.4117640575135104
2025-06-27,NVDA,0.5530429433944541
2025-06-27,TSLA,0.5790668467558341
2025-06-30,AAPL,0.4017816589088717
2025-06-30,META,0.4659989659839947
2025-06-30,MSFT,0.3844618146624428
2025-06-30,NVDA,0.4361406551500503
2025-06-30,TSLA,0.5020312620164109
2025-07-01,AAPL,0.3970571804409448
2025-07-01,META,0.2293673743692747
2025-07-01,MSFT,0.3481610461194296
2025-07-01,NVDA,0.4454388205294475
2025-07-01,TSLA,0.4521082162100558
2025-07-02,AAPL,0.4564158535751278
2025-07-02,META,0.2245926321101182
2025-07-02,MSFT,0.3550415881022928
2025-07-02,NVDA,0.4011094114331803
2025-07-02,TSLA,0.5345663038790369
2025-07-03,AAPL,0.4287955253121555
2025-07-03,META,0.3114633854126052
2025-07-03,MSFT,0.4677446416228366
2025-07-03,NVDA,0.3437609788758189
2025-07-03,TSLA,0.5268932300416659
2025-07-07,AAPL,0.5499738266189054
2025-07-07,META,0.3892095309159305
2025-07-07,MSFT,0.3403343413748181
2025-07-07,NVDA,0.5936008747671412
2025-07-07,TSLA,0.558818548963195
2025-07-08,AAPL,0.5364801275213604
2025-07-08,META,0.4124249034173343
2025-07-08,MSFT,0.3446447505083575
2025-07-08,NVDA,0.5732083179541007
2025-07-08,TSLA,0.3946567742670667
2025-07-09,AAPL,0.4939800220564946
2025-07-09,META,0.3118885717176071
2025-07-09,MSFT,0.4163091651609544
2025-07-09,NVDA,0.5657542038473168
2025-07-09,TSLA,0.4916921002756195
2025-07-10,AAPL,0.4743973901887614
2025-07-10,META,0.4773774531958951
2025-07-10,MSFT,0.4703899321176442
2025-07-10,NVDA,0.5475869359258527
2025-07-10,TSLA,0.4653354036247676
2025-07-11,AAPL,0.4765626694749896
2025-07-11,META,0.3669280941676183
2025-07-11,MSFT,0.4332394645270631
2025-07-11,NVDA,0.5780394870689728
2025-07-11,TSLA,0.5941981252697803
2025-07-14,AAPL,0.4346257061701324
2025-07-14,META,0.2585559351993667
2025-07-14,MSFT,0.4433331186762779
2025-07-14,NVDA,0.5487980916804126
2025-07-14,TSLA,0.5021517142919535
2025-07-15,AAPL,0.4010325378341782
2025-07-15,META,0.3209152024545086
2025-07-15,MSFT,0.51804192862009
2025-07-15,NVDA,0.5710899986443576
2025-07-15,TSLA,0.522707891147017
2025-07-16,AAPL,0.46821758068406
2025-07-16,META,0.3009299696747583
2025-07-16,MSFT,0.3779963211999493
2025-07-16,NVDA,0.5737557793016037
2025-07-16,TSLA,0.456520789519704
2025-07-17,AAPL,0.4248120984624014
2025-07-17,META,0.2671938530494637
2025-07-17,MSFT,0.4632149570120939
2025-07-17,NVDA,0.5578886225952626
2025-07-17,TSLA,0.5176514793794157
2025-07-18,AAPL,0.5037978147689455
2025-07-18,META,0.4879934539306521
2025-07-18,MSFT,0.4178861532425851
2025-07-18,NVDA,0.4366385462045547
2025-07-18,TSLA,0.4854666313111038
2025-07-21,AAPL,0.4108176623311481
2025-07-21,META,0.4099716439852955
2025-07-21,MSFT,0.501708960049069
2025-07-21,NVDA,0.5931185054206949
2025-07-21,TSLA,0.6205377760692385
2025-07-22,AAPL,0.4381645262950304
2025-07-22,META,0.3182018675034146
2025-07-22,MSFT,0.4048084644353085
2025-07-22,NVDA,0.5966942472549622
2025-07-22,TSLA,0.5742049748530235
2025-07-23,AAPL,0.4608016637699914
2025-07-23,META,0.3182007736855241
2025-07-23,MSFT,0.4223381471664707
2025-07-23,NVDA,0.6210173074415989
2025-07-23,TSLA,0.5967712427990101
2025-07-24,AAPL,0.4297782569451277
2025-07-24,META,0.35063038993585
2025-07-24,MSFT,0.4675801593227166
2025-07-24,NVDA,0.5754707312257832
2025-07-24,TSLA,0.5571629432949223
2025-07-25,AAPL,0.4273809422941966
2025-07-25,META,0.3342276585452094
2025-07-25,MSFT,0.4622876168519429
2025-07-25,NVDA,0.5001953744578188
2025-07-25,TSLA,0.5021579725240947
2025-07-28,AAPL,0.3952946973592892
2025-07-28,META,0.4525589405937195
2025-07-28,MSFT,0.3117926172930276
2025-07-28,NVDA,0.4034843198487795
2025-07-28,TSLA,0.4526307855822406
2025-07-29,AAPL,0.4618596770257049
2025-07-29,META,0.3505609192966832
2025-07-29,MSFT,0.3141719957247579
2025-07-29,NVDA,0.5354777467186294
2025-07-29,TSLA,0.4474787380277358
2025-07-30,AAPL,0.4889802660483475
2025-07-30,META,0.3026109732879172
2025-07-30,MSFT,0.3179945162134672
2025-07-30,NVDA,0.5401746384679439
2025-07-30,TSLA,0.5422988208761724
2025-07-31,AAPL,0.5457997871646278
2025-07-31,META,0.3862769446807468
2025-07-31,MSFT,0.4349533423445978
2025-07-31,NVDA,0.4590089202617218
2025-07-31,TSLA,0.5658686749551209
2025-08-01,AAPL,0.5822847682491641
2025-08-01,META,0.462103359999656
2025-08-01,MSFT,0.2925938546127085
2025-08-01,NVDA,0.4120261909454336
2025-08-01,TSLA,0.5393978303708887
2025-08-04,AAPL,0.4751726625540344
2025-08-04,META,0.4593198965403142
2025-08-04,MSFT,0.4827144472072036
2025-08-04,NVDA,0.5862293269059422
2025-08-04,TSLA,0.4384988520094178
2025-08-05,AAPL,0.3674691729239316
2025-08-05,META,0.5455972713394468
2025-08-05,MSFT,0.5098543303189232
2025-08-05,NVDA,0.6110253479087212
2025-08-05,TSLA,0.4625925728765974
2025-08-06,AAPL,0.3694036025047756
2025-08-06,META,0.5936886015270837
2025-08-06,MSFT,0.5020027914731565
2025-08-06,NVDA,0.5568197900674207
2025-08-06,TSLA,0.4665564180624874
2025-08-07,AAPL,0.5070092982796491
2025-08-07,META,0.5602815880778039
2025-08-07,MSFT,0.4615744109617996
2025-08-07,NVDA,0.5392557253756479
2025-08-07,TSLA,0.4397662361119759
2025-08-08,AAPL,0.6081500043669668
2025-08-08,META,0.5491849963385859
2025-08-08,MSFT,0.3102010916409347
2025-08-08,NVDA,0.5399279441728257
2025-08-08,TSLA,0.3381018609719003
2025-08-11,AAPL,0.4905336390726051
2025-08-11,META,0.5321441635665807
2025-08-11,MSFT,0.3732607260694944
2025-08-11,NVDA,0.5369043618299532
2025-08-11,TSLA,0.6165756889615536
2025-08-12,AAPL,0.439979348374836
2025-08-12,META,0.4879133708043118
2025-08-12,MSFT,0.4058146762128409
2025-08-12,NVDA,0.5814366466922016
2025-08-12,TSLA,0.6049335628850077
2025-08-13,AAPL,0.5900961257125066
2025-08-13,META,0.4929506074093489
2025-08-13,MSFT,0.4066578542428275
2025-08-13,NVDA,0.5521259587353671
2025-08-13,TSLA,0.6215722376659847
2025-08-14,AAPL,0.5743339184255319
2025-08-14,META,0.524683888815389
2025-08-14,MSFT,0.3477580548740239
2025-08-14,NVDA,0.585924389458625
2025-08-14,TSLA,0.6188634765905728
2025-08-15,AAPL,0.5237853597436194
2025-08-15,META,0.5207359318234418
2025-08-15,MSFT,0.3187605930823463
2025-08-15,NVDA,0.5797334982115079
2025-08-15,TSLA,0.507178934396478
2025-08-18,AAPL,0.6134282437714768
2025-08-18,META,0.4368004696450912
2025-08-18,MSFT,0.4513115078677671
2025-08-18,NVDA,0.6054755118905194
2025-08-18,TSLA,0.4167053505770851
2025-08-19,AAPL,0.5563848663038823
2025-08-19,META,0.3994654327540564
2025-08-19,MSFT,0.2899057840911663
2025-08-19,NVDA,0.5797793052810666
2025-08-19,TSLA,0.4971643866057064
2025-08-20,AAPL,0.4761743657650055
2025-08-20,META,0.3722334466970717
2025-08-20,MSFT,0.2150764633691665
2025-08-20,NVDA,0.4640821488513873
2025-08-20,TSLA,0.4057751751361059
2025-08-21,AAPL,0.5793010847373251
2025-08-21,META,0.3173881495596887
2025-08-21,MSFT,0.3824442054379215
2025-08-21,NVDA,0.5395700352561063
2025-08-21,TSLA,0.4378837046481057
2025-08-22,AAPL,0.5340219965170395
2025-08-22,META,0.3845579638266889
2025-08-22,MSFT,0.2951101459614532
2025-08-22,NVDA,0.6143307425250897
2025-08-22,TSLA,0.4272335191808886
2025-08-25,AAPL,0.4902345096449517
2025-08-25,META,0.3803374917286806
2025-08-25,MSFT,0.2449619378222005
2025-08-25,NVDA,0.5490446376499909
2025-08-25,TSLA,0.4190947749827209
2025-08-26,AAPL,0.5605216050605881
2025-08-26,META,0.3208135859915343
2025-08-26,MSFT,0.2481197843565137
2025-08-26,NVDA,0.5740067562240586
2025-08-26,TSLA,0.4196656673016892
2025-08-27,AAPL,0.5564551826828377
2025-08-27,META,0.3337706924778798
2025-08-27,MSFT,0.2286967562133152
2025-08-27,NVDA,0.6055304873699879
2025-08-27,TSLA,0.4380755492825255
2025-08-28,AAPL,0.4782733956718319
2025-08-28,META,0.2289791603321623
2025-08-28,MSFT,0.1948684408787664
2025-08-28,NVDA,0.5842613039229945
2025-08-28,TSLA,0.4770301478044181
2025-08-29,AAPL,0.4720111412404803
2025-08-29,META,0.2588125024269212
2025-08-29,MSFT,0.2940271750827453
2025-08-29,NVDA,0.5268042285950744
2025-08-29,TSLA,0.4692944314880559
2025-09-02,AAPL,0.5356399247512361
2025-09-02,META,0.2366202306789332
2025-09-02,MSFT,0.2844255360293939
2025-09-02,NVDA,0.3998472532975614
2025-09-02,TSLA,0.4360094389981076
2025-09-03,AAPL,0.6085871042299701
2025-09-03,META,0.3569186348573865
2025-09-03,MSFT,0.3394814445583284
2025-09-03,NVDA,0.4601202677340736
2025-09-03,TSLA,0.6176999354023023
2025-09-04,AAPL,0.6170359341933631
2025-09-04,META,0.4491047235230956
2025-09-04,MSFT,0.5123406793000282
2025-09-04,NVDA,0.4095216042846978
2025-09-04,TSLA,0.639894854503471
2025-09-05,AAPL,0.578235334070509
2025-09-05,META,0.4956124520323097
2025-09-05,MSFT,0.4682940405915458
2025-09-05,NVDA,0.3853216320203299
2025-09-05,TSLA,0.6284775230285152
2025-09-08,AAPL,0.5945428889043315
2025-09-08,META,0.4408286920898438
2025-09-08,MSFT,0.5027359257071579
2025-09-08,NVDA,0.337207323308799
2025-09-08,TSLA,0.5459033487089768
2025-09-09,AAPL,0.6158410133553613
2025-09-09,META,0.4077370771218773
2025-09-09,MSFT,0.3961188145169261
2025-09-09,NVDA,0.4071398137451397
2025-09-09,TSLA,0.5720166667479203
2025-09-10,AAPL,0.4055912140043355
2025-09-10,META,0.5326469528659112
2025-09-10,MSFT,0.4442941540896842
2025-09-10,NVDA,0.4258943751780568
2025-09-10,TSLA,0.5417600568606908
2025-09-11,AAPL,0.4682221298012886
2025-09-11,META,0.4296773779344376
2025-09-11,MSFT,0.406023855234413
2025-09-11,NVDA,0.4586683283353305
2025-09-11,TSLA,0.5848508340816799
2025-09-12,AAPL,0.5705380537129923
2025-09-12,META,0.4314155576603724
2025-09-12,MSFT,0.5042392373286673
2025-09-12,NVDA,0.4826237130475515
2025-09-12,TSLA,0.6048055705820568
2025-09-15,AAPL,0.5297206918843058
2025-09-15,META,0.4601614522866304
2025-09-15,MSFT,0.4732051876231202
2025-09-15,NVDA,0.3739004879833018
2025-09-15,TSLA,0.5008405219495109
2025-09-16,AAPL,0.5506470682373229
2025-09-16,META,0.3818739745927254
2025-09-16,MSFT,0.4535701191092883
2025-09-16,NVDA,0.4469601575072299
2025-09-16,TSLA,0.4519800478481874
2025-09-17,AAPL,0.4085554458703521
2025-09-17,META,0.3618442317641122
2025-09-17,MSFT,0.3306038326560808
2025-09-17,NVDA,0.4605691446308485
2025-09-17,TSLA,0.483842057286784
2025-09-18,AAPL,0.4726595114313062
2025-09-18,META,0.4215464951254479
2025-09-18,MSFT,0.3440260585722206
2025-09-18,NVDA,0.5062756296563953
2025-09-18,TSLA,0.5161195259006256
2025-09-19,AAPL,0.5160898971798256
2025-09-19,META,0.3585822208955913
2025-09-19,MSFT,0.3389347674680436
2025-09-19,NVDA,0.3620252671742598
2025-09-19,TSLA,0.4846535684130529
2025-09-22,AAPL,0.5441842675353749
2025-09-22,META,0.3208923992946512
2025-09-22,MSFT,0.3960025659491881
2025-09-22,NVDA,0.350001162730076
2025-09-22,TSLA,0.5878474992946013
2025-09-23,AAPL,0.5279625557813095
2025-09-23,META,0.3068919880150194
2025-09-23,MSFT,0.3287360088803139
2025-09-23,NVDA,0.3810277362696819
2025-09-23,TSLA,0.5726488202030431
2025-09-24,AAPL,0.4289453870958
2025-09-24,META,0.3942660819914362
2025-09-24,MSFT,0.2448451900876469
2025-09-24,NVDA,0.3574703856185254
2025-09-24,TSLA,0.5129739649028535
2025-09-25,AAPL,0.515140024948952
2025-09-25,META,0.2599629118886272
2025-09-25,MSFT,0.3021852015304994
2025-09-25,NVDA,0.3847103866380224
2025-09-25,TSLA,0.5305081097551032
2025-09-26,AAPL,0.5889261044363889
2025-09-26,META,0.2953081383375542
2025-09-26,MSFT,0.2809250457193223
2025-09-26,NVDA,0.3659495418236354
2025-09-26,TSLA,0.4483212156149709
2025-09-29,AAPL,0.3265761167101595
2025-09-29,META,0.2807062795891936
2025-09-29,MSFT,0.2716226174744081
2025-09-29,NVDA,0.3305534780731958
2025-09-29,TSLA,0.3479263858671955
2025-09-30,AAPL,0.2929062418039246
2025-09-30,META,0.3312291761239539
2025-09-30,MSFT,0.311697293445777
2025-09-30,NVDA,0.3256468245661941
2025-09-30,TSLA,0.3730604927525233
2025-10-01,AAPL,0.3224950698975948
2025-10-01,META,0.328739649322581
2025-10-01,MSFT,0.2722222248746831
2025-10-01,NVDA,0.4042053877927554
2025-10-01,TSLA,0.3646075142192673
2025-10-02,AAPL,0.3811724958165632
2025-10-02,META,0.3409835872962065
2025-10-02,MSFT,0.3701593483609369
2025-10-02,NVDA,0.3810007619976939
2025-10-02,TSLA,0.5404271645071661
2025-10-03,AAPL,0.4365850180595868
2025-10-03,META,0.3264196108611385
2025-10-03,MSFT,0.3508533446560464
2025-10-03,NVDA,0.4403464935453665
2025-10-03,TSLA,0.3312063365481493
2025-10-06,AAPL,0.4272696007439027
2025-10-06,META,0.2913288566561156
2025-10-06,MSFT,0.3958501363093913
2025-10-06,NVDA,0.3542206145859876
2025-10-06,TSLA,0.3626448486308778
2025-10-07,AAPL,0.3427486169000402
2025-10-07,META,0.3284867989670321
2025-10-07,MSFT,0.333767311388378
2025-10-07,NVDA,0.3305396113424883
2025-10-07,TSLA,0.4198021134048325
2025-10-08,AAPL,0.4656112902541565
2025-10-08,META,0.3643788341897991
2025-10-08,MSFT,0.345140431623526
2025-10-08,NVDA,0.3644562609102135
2025-10-08,TSLA,0.4742312144616544
2025-10-09,AAPL,0.5231830414358117
2025-10-09,META,0.3416002064062121
2025-10-09,MSFT,0.3364740736313099
2025-10-09,NVDA,0.4988922135836784
2025-10-09,TSLA,0.4735821125660724
2025-10-10,AAPL,0.3877389105525023
2025-10-10,META,0.383393782561192
2025-10-10,MSFT,0.3656480559513451
2025-10-10,NVDA,0.4342347404896863
2025-10-10,TSLA,0.4805491175971935
2025-10-13,AAPL,0.3840151989961768
2025-10-13,META,0.3356598185065326
2025-10-13,MSFT,0.3467287493318973
2025-10-13,NVDA,0.3411662183778601
2025-10-13,TSLA,0.4389400571869654
2025-10-14,AAPL,0.42294711417429
2025-10-14,META,0.3381565308936283
2025-10-14,MSFT,0.3956285545873094
2025-10-14,NVDA,0.3599660105635778
2025-10-14,TSLA,0.4347253119530235
2025-10-15,AAPL,0.3985537469250008
2025-10-15,META,0.2869206267971259
2025-10-15,MSFT,0.2558493630732136
2025-10-15,NVDA,0.3394113692487979
2025-10-15,TSLA,0.5212104880259862
2025-10-16,AAPL,0.3611288814915591
2025-10-16,META,0.38260657453639
2025-10-16,MSFT,0.2558223929255315
2025-10-16,NVDA,0.397787923886013
2025-10-16,TSLA,0.4824052938137045
2025-10-17,AAPL,0.4460312236336737
2025-10-17,META,0.3752539418723059
2025-10-17,MSFT,0.4468134689050061
2025-10-17,NVDA,0.4432567632121815
2025-10-17,TSLA,0.5090374728673261
2025-10-20,AAPL,0.4721682822753851
2025-10-20,META,0.3499051297093468
2025-10-20,MSFT,0.315139200352206
2025-10-20,NVDA,0.3174005204118801
2025-10-20,TSLA,0.5477862116984396
2025-10-21,AAPL,0.5001273405751365
2025-10-21,META,0.307726554763522
2025-10-21,MSFT,0.2514985052019409
2025-10-21,NVDA,0.3445496948103322
2025-10-21,TSLA,0.5592435651658145
2025-10-22,AAPL,0.4386041725626133
2025-10-22,META,0.3005211064448216
2025-10-22,MSFT,0.2580919404912991
2025-10-22,NVDA,0.3104348750638875
2025-10-22,TSLA,0.5397665950201452
2025-10-23,AAPL,0.2890581302361581
2025-10-23,META,0.3237383532452694
2025-10-23,MSFT,0.3356428861284024
2025-10-23,NVDA,0.3538591384748228
2025-10-23,TSLA,0.5678100866194316
2025-10-24,AAPL,0.489797539372414
2025-10-24,META,0.3392031562526989
2025-10-24,MSFT,0.3357594968306135
2025-10-24,NVDA,0.4165913776876983
2025-10-24,TSLA,0.5250141679298028
2025-10-27,AAPL,0.4834097189776752
2025-10-27,META,0.3820088269154331
2025-10-27,MSFT,0.3874836598419034
2025-10-27,NVDA,0.4288411877304363
2025-10-27,TSLA,0.443053115210913
2025-10-28,AAPL,0.5885318617247818
2025-10-28,META,0.4350964446969809
2025-10-28,MSFT,0.5991840000742694
2025-10-28,NVDA,0.4029997848207961
2025-10-28,TSLA,0.4952084826519696
2025-10-29,AAPL,0.5576529477386724
2025-10-29,META,0.4856571528241042
2025-10-29,MSFT,0.4615291762636241
2025-10-29,NVDA,0.4398389105437064
2025-10-29,TSLA,0.5219275869609228
2025-10-30,AAPL,0.533075060542266
2025-10-30,META,0.3125436926126173
2025-10-30,MSFT,0.4578199003586728
2025-10-30,NVDA,0.3865500089963821
2025-10-30,TSLA,0.5089499895251605
2025-10-31,AAPL,0.5457929132827657
2025-10-31,META,0.4102738412086907
2025-10-31,MSFT,0.3423469435794538
2025-10-31,NVDA,0.3695643076398069
2025-10-31,TSLA,0.4347655212847338
2025-11-03,AAPL,0.5113394899593784
2025-11-03,META,0.3077421757222645
2025-11-03,MSFT,0.4182728435267175
2025-11-03,NVDA,0.4845396806983308
2025-11-03,TSLA,0.4476808273632833
2025-11-04,AAPL,0.5035882900029307
2025-11-04,META,0.2878759465480413
2025-11-04,MSFT,0.3052564327946777
2025-11-04,NVDA,0.4140260142945346
2025-11-04,TSLA,0.4199319966857622
2025-11-05,AAPL,0.4182014331918171
2025-11-05,META,0.3993538566835605
2025-11-05,MSFT,0.2821517529230844
2025-11-05,NVDA,0.3887117467883273
2025-11-05,TSLA,0.4034299579695299
2025-11-06,AAPL,0.4748785461780665
2025-11-06,META,0.407224611754436
2025-11-06,MSFT,0.2488929220280727
2025-11-06,NVDA,0.3377059043103292
2025-11-06,TSLA,0.5514915617891368
2025-11-07,AAPL,0.3880738707026682
2025-11-07,META,0.3429532673159086
2025-11-07,MSFT,0.2428500771782807
2025-11-07,NVDA,0.3245929049344141
2025-11-07,TSLA,0.5230338040562889
2025-11-10,AAPL,0.4534229052490413
2025-11-10,META,0.3574376642452742
2025-11-10,MSFT,0.4551304355705367
2025-11-10,NVDA,0.3977491382478693
2025-11-10,TSLA,0.5076386965391351
2025-11-11,AAPL,0.4021963690176758
2025-11-11,META,0.3676783770249941
2025-11-11,MSFT,0.368953820055141
2025-11-11,NVDA,0.4150695107064645
2025-11-11,TSLA,0.5033274907980069
2025-11-12,AAPL,0.3464602582183794
2025-11-12,META,0.3887101389366345
2025-11-12,MSFT,0.3233612952036562
2025-11-12,NVDA,0.4321795712370891
2025-11-12,TSLA,0.5070474585965147
2025-11-13,AAPL,0.4609708460949677
2025-11-13,META,0.3955657518169125
2025-11-13,MSFT,0.3187267292495858
2025-11-13,NVDA,0.4179120635590981
2025-11-13,TSLA,0.4698960580784992
2025-11-14,AAPL,0.3496773550605851
2025-11-14,META,0.4598219744314322
2025-11-14,MSFT,0.4232588102592188
2025-11-14,NVDA,0.349612283965324
2025-11-14,TSLA,0.5371203390573291
2025-11-17,AAPL,0.3746561194716352
2025-11-17,META,0.3652246687162843
2025-11-17,MSFT,0.3304859516562539
2025-11-17,NVDA,0.3683159501011515
2025-11-17,TSLA,0.4426725491499675
2025-11-18,AAPL,0.2825738180263114
2025-11-18,META,0.3776294266223929
2025-11-18,MSFT,0.251931672259229
2025-11-18,NVDA,0.3404657762211392
2025-11-18,TSLA,0.4327826457736628
2025-11-19,AAPL,0.2928397136057948
2025-11-19,META,0.3295763100876584
2025-11-19,MSFT,0.2222167822369665
2025-11-19,NVDA,0.4377023420037861
2025-11-19,TSLA,0.4490697275295734
2025-11-20,AAPL,0.3638676671654866
2025-11-20,META,0.4043408820236506
2025-11-20,MSFT,0.2993202185869321
2025-11-20,NVDA,0.5219358753935704
2025-11-20,TSLA,0.4906907816927638
2025-11-21,AAPL,0.3570523867246068
2025-11-21,META,0.3530944948632685
2025-11-21,MSFT,0.2792886482774749
2025-11-21,NVDA,0.4303759434458642
2025-11-21,TSLA,0.5605322113471322
2025-11-24,AAPL,0.4389567678412129
2025-11-24,META,0.4640126490279568
2025-11-24,MSFT,0.2627608336523342
2025-11-24,NVDA,0.4229844731598534
2025-11-24,TSLA,0.4514897534062404
2025-11-25,AAPL,0.466318347068093
2025-11-25,META,0.5435495941768956
2025-11-25,MSFT,0.3928706153866552
2025-11-25,NVDA,0.4248887855988189
2025-11-25,TSLA,0.5328108622663974
2025-11-26,AAPL,0.5156315409764425
2025-11-26,META,0.5382554236536973
2025-11-26,MSFT,0.485585594709418
2025-11-26,NVDA,0.4656016149509181
2025-11-26,TSLA,0.5066951726886165
2025-11-28,AAPL,0.5119955024866469
2025-11-28,META,0.4342351885040075
2025-11-28,MSFT,0.4499200452146736
2025-11-28,NVDA,0.3971820926910331
2025-11-28,TSLA,0.4895907771405014
2025-12-01,AAPL,0.509145839246727
2025-12-01,META,0.3810967512778025
2025-12-01,MSFT,0.4220585318698686
2025-12-01,NVDA,0.4267250342964376
2025-12-01,TSLA,0.6486543605340273
2025-12-02,AAPL,0.4988475100277724
2025-12-02,META,0.4608566327735416
2025-12-02,MSFT,0.3056612894341464
2025-12-02,NVDA,0.5332223220115275
2025-12-02,TSLA,0.6207084218350264
2025-12-03,AAPL,0.5500393925940262
2025-12-03,META,0.395117428409011
2025-12-03,MSFT,0.4576276571323192
2025-12-03,NVDA,0.5676171399885409
2025-12-03,TSLA,0.6403002100965927
2025-12-04,AAPL,0.343131276487327
2025-12-04,META,0.4758009702174337
2025-12-04,MSFT,0.316409071904403
2025-12-04,NVDA,0.4242574367222037
2025-12-04,TSLA,0.5185088723464253
2025-12-05,AAPL,0.4560017356010593
2025-12-05,META,0.6027279160172695
2025-12-05,MSFT,0.3066856562873527
2025-12-05,NVDA,0.4842891101372172
2025-12-05,TSLA,0.4931203332080337
2025-12-08,AAPL,0.4879458114414305
2025-12-08,META,0.4836270521937839
2025-12-08,MSFT,0.3131821860114804
2025-12-08,NVDA,0.3361142143096308
2025-12-08,TSLA,0.6383699276144058
2025-12-09,AAPL,0.3513545652021911
2025-12-09,META,0.3567637702601967
2025-12-09,MSFT,0.3546227304832789
2025-12-09,NVDA,0.3850825321882155
2025-12-09,TSLA,0.5378590603968338
2025-12-10,AAPL,0.4411373025273196
2025-12-10,META,0.2392959661258511
2025-12-10,MSFT,0.3110441173834042
2025-12-10,NVDA,0.4125396468168232
2025-12-10,TSLA,0.6289550908427277
2025-12-11,AAPL,0.5191596176252302
2025-12-11,META,0.3707361388061634
2025-12-11,MSFT,0.2896747244311225
2025-12-11,NVDA,0.4162829221306129
2025-12-11,TSLA,0.5742397122195397
2025-12-12,AAPL,0.4147975891577672
2025-12-12,META,0.2817914202059887
2025-12-12,MSFT,0.2400657317035119
2025-12-12,NVDA,0.3957431800417383
2025-12-12,TSLA,0.5504942598287207
2025-12-15,AAPL,0.4157123510333566
2025-12-15,META,0.3384351250675917
2025-12-15,MSFT,0.2781747079552132
2025-12-15,NVDA,0.3223004577554055
2025-12-15,TSLA,0.6179822674908805
2025-12-16,AAPL,0.3630142232839155
2025-12-16,META,0.4322146698034761
2025-12-16,MSFT,0.2448912935105612
2025-12-16,NVDA,0.3111202460675343
2025-12-16,TSLA,0.5543862325684278
2025-12-17,AAPL,0.3305652203712793
2025-12-17,META,0.4646759214876161
2025-12-17,MSFT,0.3166246883593819
2025-12-17,NVDA,0.3492564824417022
2025-12-17,TSLA,0.6326305574795679
2025-12-18,AAPL,0.3110370859234178
2025-12-18,META,0.3614458323318099
2025-12-18,MSFT,0.403706923631736
2025-12-18,NVDA,0.311185140054773
2025-12-18,TSLA,0.5613616039408869
2025-12-19,AAPL,0.4573832981713982
2025-12-19,META,0.5104826962627138
2025-12-19,MSFT,0.3252673794724053
2025-12-19,NVDA,0.3747691657969573
2025-12-19,TSLA,0.5612154616100782
2025-12-22,AAPL,0.2855123520755823
2025-12-22,META,0.5557915981347378
2025-12-22,MSFT,0.2972924214137445
2025-12-22,NVDA,0.3428534216437477
2025-12-22,TSLA,0.4179795108909224
2025-12-23,AAPL,0.2424865474692762
2025-12-23,META,0.4885492958832099
2025-12-23,MSFT,0.2627110870700141
2025-12-23,NVDA,0.3514559865678456
2025-12-23,TSLA,0.4606243293241379
2025-12-24,AAPL,0.3835175416028087
2025-12-24,META,0.6019079930382464
2025-12-24,MSFT,0.3306882790881225
2025-12-24,NVDA,0.415319047474387
2025-12-24,TSLA,0.4447064054809381
2025-12-26,AAPL,0.306503655158684
2025-12-26,META,0.5387770584088833
2025-12-26,MSFT,0.241087172398287
2025-12-26,NVDA,0.4046512335366454
2025-12-26,TSLA,0.4776770303186565
2025-12-29,AAPL,0.3242066468161453
2025-12-29,META,0.3606534139939035
2025-12-29,MSFT,0.1723271463419594
2025-12-29,NVDA,0.3599418682307678
2025-12-29,TSLA,0.4276976908117184
2025-12-30,AAPL,0.2901733783746889
2025-12-30,META,0.3305308435321536
2025-12-30,MSFT,0.2547530499237572
2025-12-30,NVDA,0.3308534962371943
2025-12-30,TSLA,0.4281288899615204
2025-12-31,AAPL,0.3198287666228406
2025-12-31,META,0.4074284111361556
2025-12-31,MSFT,0.3644793737609692
2025-12-31,NVDA,0.3949234152903348
2025-12-31,TSLA,0.4097224462589845
2026-01-02,AAPL,0.3089274913422288
2026-01-02,META,0.41228577678132
2026-01-02,MSFT,0.3783769313234148
2026-01-02,NVDA,0.3744330257554166
2026-01-02,TSLA,0.5517713248677671
2026-01-05,AAPL,0.3238043650734834
2026-01-05,META,0.3984186933217009
2026-01-05,MSFT,0.4161414864662103
2026-01-05,NVDA,0.4249130618597725
2026-01-05,TSLA,0.5975167850847848
2026-01-06,AAPL,0.279774674897276
2026-01-06,META,0.4167488013216114
2026-01-06,MSFT,0.2902658518373143
2026-01-06,NVDA,0.408675324970296
2026-01-06,TSLA,0.5665382526051786
2026-01-07,AAPL,0.2589189429505949
2026-01-07,META,0.4346600259171107
2026-01-07,MSFT,0.4184478835436922
2026-01-07,NVDA,0.4435227936696346
2026-01-07,TSLA,0.5937165393715319
2026-01-08,AAPL,0.2569965362191712
2026-01-08,META,0.494211443201967
2026-01-08,MSFT,0.4084780723647002
2026-01-08,NVDA,0.4361994451947933
2026-01-08,TSLA,0.5781383385469278
2026-01-09,AAPL,0.3244924995582236
2026-01-09,META,0.4673886011113745
2026-01-09,MSFT,0.4018477101785782
2026-01-09,NVDA,0.3552293610911755
2026-01-09,TSLA,0.591317090558534
2026-01-12,AAPL,0.3401926757126315
2026-01-12,META,0.4509553204724037
2026-01-12,MSFT,0.2949276921470882
2026-01-12,NVDA,0.4092274251667763
2026-01-12,TSLA,0.4546451753570227
2026-01-13,AAPL,0.3694020780125056
2026-01-13,META,0.4477054367281583
2026-01-13,MSFT,0.2921467722295862
2026-01-13,NVDA,0.3708758391432643
2026-01-13,TSLA,0.4471107236507518
2026-01-14,AAPL,0.2842337987322423
2026-01-14,META,0.4360273878452683
2026-01-14,MSFT,0.2419121604640504
2026-01-14,NVDA,0.3734394200437662
2026-01-14,TSLA,0.4590826271667764
2026-01-15,AAPL,0.2829060654602031
2026-01-15,META,0.4149780869392055
2026-01-15,MSFT,0.2546604984291488
2026-01-15,NVDA,0.3379007754245849
2026-01-15,TSLA,0.4394026208626837
2026-01-16,AAPL,0.2623717942057509
2026-01-16,META,0.5046964598346362
2026-01-16,MSFT,0.3716189445094112
2026-01-16,NVDA,0.3869588699738261
2026-01-16,TSLA,0.4361747043827133
2026-01-20,AAPL,0.2920543182000972
2026-01-20,META,0.2613932953360444
2026-01-20,MSFT,0.2945623443376616
2026-01-20,NVDA,0.3633446172845737
2026-01-20,TSLA,0.4366696336545637
2026-01-21,AAPL,0.3079952155844456
2026-01-21,META,0.3789212821670918
2026-01-21,MSFT,0.275962631856678
2026-01-21,NVDA,0.3327864248789848
2026-01-21,TSLA,0.4391903522119882
2026-01-22,AAPL,0.343805832100564
2026-01-22,META,0.5023919198803652
2026-01-22,MSFT,0.3759944883943436
2026-01-22,NVDA,0.4193031587538321
2026-01-22,TSLA,0.4456521761504715
2026-01-23,AAPL,0.3327856949829288
2026-01-23,META,0.5056804381788054
2026-01-23,MSFT,0.4641165380578631
2026-01-23,NVDA,0.4294643174582451
2026-01-23,TSLA,0.4332592307430737
2026-01-26,AAPL,0.3543657515594672
2026-01-26,META,0.4968835293759844
2026-01-26,MSFT,0.3936620864457616
2026-01-26,NVDA,0.4674743689484728
2026-01-26,TSLA,0.5995752591008323
2026-01-27,AAPL,0.3440789755431331
2026-01-27,META,0.4716251699881628
2026-01-27,MSFT,0.3908214279075578
2026-01-27,NVDA,0.4613909042317451
2026-01-27,TSLA,0.5529032383843452
2026-01-28,AAPL,0.3358721704805024
2026-01-28,META,0.470703716035386
2026-01-28,MSFT,0.3954005290595376
2026-01-28,NVDA,0.4479229529005847
2026-01-28,TSLA,0.5812837416956983
2026-01-29,AAPL,0.3977831567022391
2026-01-29,META,0.4782422677931548
2026-01-29,MSFT,0.3346442095578738
2026-01-29,NVDA,0.3733383467364002
2026-01-29,TSLA,0.539796123048181
2026-01-30,AAPL,0.4732656269100361
2026-01-30,META,0.5421400345764387
2026-01-30,MSFT,0.3323817886586135
2026-01-30,NVDA,0.4228462742400902
2026-01-30,TSLA,0.5162990871704272
2026-02-02,AAPL,0.3799140228879035
2026-02-02,META,0.4872377990387814
2026-02-02,MSFT,0.3110236691924864
2026-02-02,NVDA,0.438702542515527
2026-02-02,TSLA,0.4700076516797191
2026-02-03,AAPL,0.4507988510078221
2026-02-03,META,0.4690674382388838
2026-02-03,MSFT,0.2469649830912364
2026-02-03,NVDA,0.3263838686788074
2026-02-03,TSLA,0.4655494694458197
2026-02-04,AAPL,0.5481066446258521
2026-02-04,META,0.3289780323246825
2026-02-04,MSFT,0.2552636471482718
2026-02-04,NVDA,0.3033122591549721
2026-02-04,TSLA,0.4064857810156914
2026-02-05,AAPL,0.5169607326499935
2026-02-05,META,0.4508080350355392
2026-02-05,MSFT,0.2853681152482766
2026-02-05,NVDA,0.3552574396262066
2026-02-05,TSLA,0.4152185787838439
2026-02-06,AAPL,0.5208392785598683
2026-02-06,META,0.5058706085457386
2026-02-06,MSFT,0.3562649242755641
2026-02-06,NVDA,0.4097993370152203
2026-02-06,TSLA,0.4502090948970136
2026-02-09,AAPL,0.4044770480968856
2026-02-09,META,0.5140955879658695
2026-02-09,MSFT,0.4422474777523064
2026-02-09,NVDA,0.4081265248503951
2026-02-09,TSLA,0.4857571547825862
2026-02-10,AAPL,0.4755926675296238
2026-02-10,META,0.4296444808839979
2026-02-10,MSFT,0.4005115170761401
2026-02-10,NVDA,0.4561844479865955
2026-02-10,TSLA,0.5231950814159334
2026-02-11,AAPL,0.5255122749092258
2026-02-11,META,0.466889130468931
2026-02-11,MSFT,0.3417932381121454
2026-02-11,NVDA,0.4350794298091007
2026-02-11,TSLA,0.5018759179873629
2026-02-12,AAPL,0.4407930240372791
2026-02-12,META,0.4305987409353973
2026-02-12,MSFT,0.2730129239765104
2026-02-12,NVDA,0.4471354756941447
2026-02-12,TSLA,0.5020745694959775
2026-02-13,AAPL,0.3068747986006127
2026-02-13,META,0.4046433914982488
2026-02-13,MSFT,0.2392930611012079
2026-02-13,NVDA,0.3931540074063339
2026-02-13,TSLA,0.4922839655478402
2026-02-17,AAPL,0.3524581628147937
2026-02-17,META,0.4715235157430744
2026-02-17,MSFT,0.3050328371984213
2026-02-17,NVDA,0.4294847684528005
2026-02-17,TSLA,0.4855884213602793
2026-02-18,AAPL,0.3970685158607361
2026-02-18,META,0.4037907772127128
2026-02-18,MSFT,0.3826844897484306
2026-02-18,NVDA,0.4726684537760873
2026-02-18,TSLA,0.4713073817566924
2026-02-19,AAPL,0.3353110915625258
2026-02-19,META,0.4600514117760806
2026-02-19,MSFT,0.4362474780815383
2026-02-19,NVDA,0.4421599951933724
2026-02-19,TSLA,0.50472733145508
2026-02-20,AAPL,0.365665740437244
2026-02-20,META,0.5195270826916752
2026-02-20,MSFT,0.283070969002704
2026-02-20,NVDA,0.4780826622156188
2026-02-20,TSLA,0.4573260479636681
2026-02-23,AAPL,0.4565325485338512
2026-02-23,META,0.4475556684210163
2026-02-23,MSFT,0.3605119127913854
2026-02-23,NVDA,0.3977884964362876
2026-02-23,TSLA,0.4665546555673145
2026-02-24,AAPL,0.5388996265150992
2026-02-24,META,0.4631335195843153
2026-02-24,MSFT,0.2760658449460982
2026-02-24,NVDA,0.4274571939171759
2026-02-24,TSLA,0.3697930527385796
2026-02-25,AAPL,0.5428634754926356
2026-02-25,META,0.3281207654846471
2026-02-25,MSFT,0.3576944439827982
2026-02-25,NVDA,0.4358061306977193
2026-02-25,TSLA,0.4340802506064231
2026-02-26,AAPL,0.4638821473098392
2026-02-26,META,0.3825301654535352
2026-02-26,MSFT,0.3692867007045768
2026-02-26,NVDA,0.4527375726803999
2026-02-26,TSLA,0.4967801999093482
2026-02-27,AAPL,0.3996077325353486
2026-02-27,META,0.3569964149706158
2026-02-27,MSFT,0.3284517978715358
2026-02-27,NVDA,0.3030409759209244
2026-02-27,TSLA,0.4503763425371874
2026-03-02,AAPL,0.3872075909391403
2026-03-02,META,0.399773837094223
2026-03-02,MSFT,0.3842593093191427
2026-03-02,NVDA,0.4101128245046146
2026-03-02,TSLA,0.4783369640074361
2026-03-03,AAPL,0.3891973048436457
2026-03-03,META,0.3385388840328485
2026-03-03,MSFT,0.3840361616410139
2026-03-03,NVDA,0.3540533962251742
2026-03-03,TSLA,0.4006430916931408
2026-03-04,AAPL,0.3241982124451771
2026-03-04,META,0.3969350408363509
2026-03-04,MSFT,0.3554060407271222
2026-03-04,NVDA,0.4092692692236311
2026-03-04,TSLA,0.4919898200466143
2026-03-05,AAPL,0.3392463649185903
2026-03-05,META,0.445362029723963
2026-03-05,MSFT,0.4441418588662071
2026-03-05,NVDA,0.3938933491188667
2026-03-05,TSLA,0.4815780052665316
2026-03-06,AAPL,0.3788231333282562
2026-03-06,META,0.4289531440617706
2026-03-06,MSFT,0.3960199220678976
2026-03-06,NVDA,0.3924398439368461
2026-03-06,TSLA,0.5214944639649909
2026-03-09,AAPL,0.3388029033774436
2026-03-09,META,0.3733634088347164
2026-03-09,MSFT,0.3796509192483271
2026-03-09,NVDA,0.3391505619656898
2026-03-09,TSLA,0.4440840021389424
2026-03-10,AAPL,0.4328301023122688
2026-03-10,META,0.3760546828807523
2026-03-10,MSFT,0.4279391930091467
2026-03-10,NVDA,0.4295029982778348
2026-03-10,TSLA,0.463847554208341
2026-03-11,AAPL,0.4302362114707624
2026-03-11,META,0.3376226707505874
2026-03-11,MSFT,0.3390612637815307
2026-03-11,NVDA,0.3490412630891755
2026-03-11,TSLA,0.4523321546524607
2026-03-12,AAPL,0.5041659207581233
2026-03-12,META,0.3741600558935402
2026-03-12,MSFT,0.3856894742914057
2026-03-12,NVDA,0.4421861113163299
2026-03-12,TSLA,0.4622208019205822
2026-03-13,AAPL,0.3080529839291113
2026-03-13,META,0.3812067184158379
2026-03-13,MSFT,0.3008163800342233
2026-03-13,NVDA,0.4540833780498977
2026-03-13,TSLA,0.4497143743267668
2026-03-16,AAPL,0.2508835363698827
2026-03-16,META,0.3462517873616187
2026-03-16,MSFT,0.2996913139019714
2026-03-16,NVDA,0.4208520727764516
2026-03-16,TSLA,0.4343225590880637
2026-03-17,AAPL,0.3648611356577289
2026-03-17,META,0.3227644771028699
2026-03-17,MSFT,0.3558884255817355
2026-03-17,NVDA,0.4511423128360982
2026-03-17,TSLA,0.46441574013156
2026-03-18,AAPL,0.3735171529594177
2026-03-18,META,0.2624970722467188
2026-03-18,MSFT,0.348954234119106
2026-03-18,NVDA,0.4016800463154223
2026-03-18,TSLA,0.4553764887112072
2026-03-19,AAPL,0.3424221572905868
2026-03-19,META,0.3059098150855873
2026-03-19,MSFT,0.2458825895441871
2026-03-19,NVDA,0.3727009928196742
2026-03-19,TSLA,0.4282455241303417
2026-03-20,AAPL,0.3845585762819387
2026-03-20,META,0.3662248324484145
2026-03-20,MSFT,0.2557573201326681
2026-03-20,NVDA,0.3944629836721676
2026-03-20,TSLA,0.3882584991053547
2026-03-23,AAPL,0.4136863858970524
2026-03-23,META,0.366480408898769
2026-03-23,MSFT,0.2151059273272256
2026-03-23,NVDA,0.3995214420810482
2026-03-23,TSLA,0.4367402912597335
2026-03-24,AAPL,0.4351546591601352
2026-03-24,META,0.3868576553301918
2026-03-24,MSFT,0.316951446624617
2026-03-24,NVDA,0.4302849167832021
2026-03-24,TSLA,0.4690173886610332
2026-03-25,AAPL,0.5023305838455152
2026-03-25,META,0.3901277780029474
2026-03-25,MSFT,0.3627182166920005
2026-03-25,NVDA,0.4441244627840138
2026-03-25,TSLA,0.4577665398442936
2026-03-26,AAPL,0.5123922544066315
2026-03-26,META,0.270370055003891
2026-03-26,MSFT,0.2747671819076842
2026-03-26,NVDA,0.4370355556826947
2026-03-26,TSLA,0.4673728877303651
2026-03-27,AAPL,0.520055348362298
2026-03-27,META,0.2385449639964253
2026-03-27,MSFT,0.2395859027125423
2026-03-27,NVDA,0.3486937820659797
2026-03-27,TSLA,0.3879413807561604
2026-03-30,AAPL,0.4582909021025587
2026-03-30,META,0.1946281791702324
2026-03-30,MSFT,0.2050284892222179
2026-03-30,NVDA,0.3482205741932632
2026-03-30,TSLA,0.393254025819605
2026-03-31,AAPL,0.5411554359340641
2026-03-31,META,0.5033073317028383
2026-03-31,MSFT,0.3503898922962431
2026-03-31,NVDA,0.4378543072063003
2026-03-31,TSLA,0.4588820201434651
2026-04-01,AAPL,0.5709681024673253
2026-04-01,META,0.4426219386848932
2026-04-01,MSFT,0.4201200560193253
2026-04-01,NVDA,0.472201445746207
2026-04-01,TSLA,0.5174649831445035
2026-04-02,AAPL,0.5479496605938698
2026-04-02,META,0.3458279457174765
2026-04-02,MSFT,0.4679939392118079
2026-04-02,NVDA,0.508023721988482
2026-04-02,TSLA,0.47500865435847
2026-04-06,AAPL,0.5407214185707194
2026-04-06,META,0.3440783307622026
2026-04-06,MSFT,0.2927311226684158
2026-04-06,NVDA,0.4466806651698339
2026-04-06,TSLA,0.3807559066447117
2026-04-07,AAPL,0.5887353371897428
2026-04-07,META,0.2830775383988882
2026-04-07,MSFT,0.2930088925897627
2026-04-07,NVDA,0.4533438377325697
2026-04-07,TSLA,0.430345881003314
2026-04-08,AAPL,0.5067387436560672
2026-04-08,META,0.3712656359591009
2026-04-08,MSFT,0.4068346517163411
2026-04-08,NVDA,0.427220624759767
2026-04-08,TSLA,0.4378194075785537
2026-04-09,AAPL,0.5115267987174672
2026-04-09,META,0.4255957698898986
2026-04-09,MSFT,0.3270584130194261
2026-04-09,NVDA,0.4535410058594961
2026-04-09,TSLA,0.5857237463403565
2026-04-10,AAPL,0.5356069390040786
2026-04-10,META,0.4134784023733387
2026-04-10,MSFT,0.3809215341029127
2026-04-10,NVDA,0.4401331616400942
2026-04-10,TSLA,0.5498424765354175
2026-04-13,AAPL,0.5192247422145436
2026-04-13,META,0.4739209006255381
2026-04-13,MSFT,0.4091063524421189
2026-04-13,NVDA,0.4551440819581565
2026-04-13,TSLA,0.5730729190329682
2026-04-14,AAPL,0.4943010880089602
2026-04-14,META,0.5208881224552765
2026-04-14,MSFT,0.4353836641895017
2026-04-14,NVDA,0.5007551662050453
2026-04-14,TSLA,0.6710992663074266
2026-04-15,AAPL,0.4830049409919023
2026-04-15,META,0.4918954285333573
2026-04-15,MSFT,0.4567287770574554
2026-04-15,NVDA,0.4879076322306652
2026-04-15,TSLA,0.6796779310870866
2026-04-16,AAPL,0.4942110910406626
2026-04-16,META,0.4430482024029374
2026-04-16,MSFT,0.4517580625366535
2026-04-16,NVDA,0.4302436707660953
2026-04-16,TSLA,0.6723103853486064
2026-04-17,AAPL,0.5854024271457641
2026-04-17,META,0.5345955318828967
2026-04-17,MSFT,0.5225069330948315
2026-04-17,NVDA,0.4622839430175826
2026-04-17,TSLA,0.6690040975398546
2026-04-20,AAPL,0.404639229458438
2026-04-20,META,0.575601453533959
2026-04-20,MSFT,0.352373413038426
2026-04-20,NVDA,0.4712277623908641
2026-04-20,TSLA,0.6540464303035628
2026-04-21,AAPL,0.4546756874902182
2026-04-21,META,0.4872742777037359
2026-04-21,MSFT,0.4336807294520909
2026-04-21,NVDA,0.4205385421553282
2026-04-21,TSLA,0.6310694356939132
2026-04-22,AAPL,0.4716452876550138
2026-04-22,META,0.4400808104103461
2026-04-22,MSFT,0.4624311035626237
2026-04-22,NVDA,0.4447210381024191
2026-04-22,TSLA,0.6552312255099852
2026-04-23,AAPL,0.4959505033333644
2026-04-23,META,0.4383962004937969
2026-04-23,MSFT,0.465157940719539
2026-04-23,NVDA,0.4487375207240808
2026-04-23,TSLA,0.6277620124164611
2026-04-24,AAPL,0.4520862871619731
2026-04-24,META,0.5221174035056474
2026-04-24,MSFT,0.4146969016755374
2026-04-24,NVDA,0.4514000191049565
2026-04-24,TSLA,0.6098725985135549
2026-04-27,AAPL,0.4394703112620895
2026-04-27,META,0.3922219532536197
2026-04-27,MSFT,0.4201125510856787
2026-04-27,NVDA,0.4410462977116847
2026-04-27,TSLA,0.5231669726223989
2026-04-28,AAPL,0.3926768675954631
2026-04-28,META,0.3733448447389
2026-04-28,MSFT,0.3575705569238092
2026-04-28,NVDA,0.4267557668968378
2026-04-28,TSLA,0.4911641948121163
2026-04-29,AAPL,0.4276694201983508
2026-04-29,META,0.4720733277178008
2026-04-29,MSFT,0.2784340384230695
2026-04-29,NVDA,0.3894401278629604
2026-04-29,TSLA,0.4982925353099924
2026-04-30,AAPL,0.4364070278499421
2026-04-30,META,0.4762630482518999
2026-04-30,MSFT,0.3628809339928907
2026-04-30,NVDA,0.31517008457651
2026-04-30,TSLA,0.4675695805597868
2026-05-01,AAPL,0.4591691716914906
2026-05-01,META,0.3311959112152303
2026-05-01,MSFT,0.4508416656944124
2026-05-01,NVDA,0.3569874626494781
2026-05-01,TSLA,0.4958202469499127
2026-05-04,AAPL,0.3986745453949975
2026-05-04,META,0.3552667841202492
2026-05-04,MSFT,0.4405410349803754
2026-05-04,NVDA,0.3824752449539816
2026-05-04,TSLA,0.4688094392160369
2026-05-05,AAPL,0.4174369298003044
2026-05-05,META,0.3884796053797113
2026-05-05,MSFT,0.4205198410007431
2026-05-05,NVDA,0.3682916310275763
2026-05-05,TSLA,0.4288805240916789
2026-05-06,AAPL,0.379169121819194
2026-05-06,META,0.3028364781655281
2026-05-06,MSFT,0.2640867933897426
2026-05-06,NVDA,0.3181626380612521
2026-05-06,TSLA,0.3806451012456194
2026-05-07,AAPL,0.3466144712247826
2026-05-07,META,0.3615083860821958
2026-05-07,MSFT,0.3846783999622419
2026-05-07,NVDA,0.4078942147050494
2026-05-07,TSLA,0.4797547667577806
2026-05-08,AAPL,0.2714070291544151
2026-05-08,META,0.3478879460325496
2026-05-08,MSFT,0.2669593746473889
2026-05-08,NVDA,0.3879090736282151
2026-05-08,TSLA,0.457544984560317
2026-05-11,AAPL,0.4741704574822122
2026-05-11,META,0.344707342664706
2026-05-11,MSFT,0.2672826045059887
2026-05-11,NVDA,0.4172815262892455
2026-05-11,TSLA,0.4945668873045145
2026-05-12,AAPL,0.4427502220433582
2026-05-12,META,0.3799187220565992
2026-05-12,MSFT,0.3027185770748982
2026-05-12,NVDA,0.4273405766860302
2026-05-12,TSLA,0.4828218914777119
2026-05-13,AAPL,0.4293229823956477
2026-05-13,META,0.4741676883501627
2026-05-13,MSFT,0.2272041121171701
2026-05-13,NVDA,0.4102080959180925
2026-05-13,TSLA,0.5038735465993756
2026-05-14,AAPL,0.5033863782676105
2026-05-14,META,0.3356107629626423
2026-05-14,MSFT,0.2739193156547513
2026-05-14,NVDA,0.3760174957973907
2026-05-14,TSLA,0.6305921403875203
2026-05-15,AAPL,0.5353983750357937
2026-05-15,META,0.3267080757848852
2026-05-15,MSFT,0.4088652244081166
2026-05-15,NVDA,0.4252417207100113
2026-05-15,TSLA,0.5060488152040238
2026-05-18,AAPL,0.3137656868802417
2026-05-18,META,0.3282602854625448
2026-05-18,MSFT,0.3632950379397604
2026-05-18,NVDA,0.3039280239777929
2026-05-18,TSLA,0.4680859005440224
2026-05-19,AAPL,0.4795737612437732
2026-05-19,META,0.3700445986863605
2026-05-19,MSFT,0.2820519914274907
2026-05-19,NVDA,0.337557717819383
2026-05-19,TSLA,0.4680460222838545
2026-05-20,AAPL,0.309334668062005
2026-05-20,META,0.3703798749018417
2026-05-20,MSFT,0.3396749807424434
2026-05-20,NVDA,0.3256791274674597
2026-05-20,TSLA,0.4697360293011171
2026-05-21,AAPL,0.4889554979297329
2026-05-21,META,0.2671299718710425
2026-05-21,MSFT,0.3567328214366645
2026-05-21,NVDA,0.4229112813313918
2026-05-21,TSLA,0.4899899878672074
2026-05-22,AAPL,0.512955537664566
2026-05-22,META,0.398925543372242
2026-05-22,MSFT,0.317792390685399
2026-05-22,NVDA,0.4129363633980312
2026-05-22,TSLA,0.4611837873354499
2026-05-26,AAPL,0.3624483631580214
2026-05-26,META,0.284465062214133
2026-05-26,MSFT,0.2382493217180705
2026-05-26,NVDA,0.3579479330974366
2026-05-26,TSLA,0.4771991487425691
2026-05-27,AAPL,0.5650185926826019
2026-05-27,META,0.3219222975079929
2026-05-27,MSFT,0.2661858993571065
2026-05-27,NVDA,0.3899210526880152
2026-05-27,TSLA,0.5013082550729617
2026-05-28,AAPL,0.3682700605310163
2026-05-28,META,0.289312270538997
2026-05-28,MSFT,0.2587259542945948
2026-05-28,NVDA,0.3158536505201347
2026-05-28,TSLA,0.465619566681581
2026-05-29,AAPL,0.4092623888853746
2026-05-29,META,0.3070730545073303
2026-05-29,MSFT,0.360274824591042
2026-05-29,NVDA,0.4255989520667016
2026-05-29,TSLA,0.4822136672753532
2026-06-01,AAPL,0.3947187045166404
2026-06-01,META,0.3191491574614548
2026-06-01,MSFT,0.3859419419612913
2026-06-01,NVDA,0.2930545025521632
2026-06-01,TSLA,0.4810168406489741
2026-06-02,AAPL,0.4669944744740169
2026-06-02,META,0.3208747961026819
2026-06-02,MSFT,0.3949955927780899
2026-06-02,NVDA,0.4090688549722711
2026-06-02,TSLA,0.4918225582319239
2026-06-03,AAPL,0.4502905397948613
2026-06-03,META,0.3567545044000829
2026-06-03,MSFT,0.3679385251625738
2026-06-03,NVDA,0.4177599274766516
2026-06-03,TSLA,0.4957007620085133
2026-06-04,AAPL,0.5440314571919452
2026-06-04,META,0.4010067295669298
2026-06-04,MSFT,0.3656736805362888
2026-06-04,NVDA,0.3932275292085824
2026-06-04,TSLA,0.4877505946136872
2026-06-05,AAPL,0.4851075108566449
2026-06-05,META,0.4056737328701837
2026-06-05,MSFT,0.3152172431914564
2026-06-05,NVDA,0.3398623633888188
2026-06-05,TSLA,0.4893854443868116
2026-06-08,AAPL,0.4648636137526041
2026-06-08,META,0.2865488565390468
2026-06-08,MSFT,0.2984973322853476
2026-06-08,NVDA,0.3347008523789284
2026-06-08,TSLA,0.5214199921850089
2026-06-09,AAPL,0.3471713010505117
2026-06-09,META,0.3433637190076703
2026-06-09,MSFT,0.3617494829662112
2026-06-09,NVDA,0.4039035364387302
2026-06-09,TSLA,0.5205326944897195
2026-06-10,AAPL,0.4341910220314547
2026-06-10,META,0.4418961749880815
2026-06-10,MSFT,0.3562432913939066
2026-06-10,NVDA,0.3771584147463722
2026-06-10,TSLA,0.5473408862165525
2026-06-11,AAPL,0.5240563038951356
2026-06-11,META,0.2582561886129051
2026-06-11,MSFT,0.2727065014181473
2026-06-11,NVDA,0.2983446788068741
2026-06-11,TSLA,0.4854621871043132
2026-06-12,AAPL,0.5061188788906805
2026-06-12,META,0.323309560627857
2026-06-12,MSFT,0.2619205761023487
2026-06-12,NVDA,0.3350541777614369
2026-06-12,TSLA,0.5418596926599243
2026-06-15,AAPL,0.4098540845795991
2026-06-15,META,0.2511040030199901
2026-06-15,MSFT,0.2633513206069387
2026-06-15,NVDA,0.3219364696896766
2026-06-15,TSLA,0.4804562084763099
2026-06-16,AAPL,0.451942415734395
2026-06-16,META,0.2741048040178496
2026-06-16,MSFT,0.3003464465045844
2026-06-16,NVDA,0.3718513645041439
2026-06-16,TSLA,0.4518718912462931
2026-06-17,AAPL,0.5437191395663701
2026-06-17,META,0.3324948765438243
2026-06-17,MSFT,0.4667921307459433
2026-06-17,NVDA,0.3479695993627946
2026-06-17,TSLA,0.4568730880469682
2026-06-18,AAPL,0.4326466415088448
2026-06-18,META,0.3410651624185629
2026-06-18,MSFT,0.2501935776390645
2026-06-18,NVDA,0.2918620260119571
2026-06-18,TSLA,0.4412403611773205
2026-06-22,AAPL,0.4836401850323925
2026-06-22,META,0.3737467283143555
2026-06-22,MSFT,0.3551454155213744
2026-06-22,NVDA,0.320742379549314
2026-06-22,TSLA,0.5193782109096302
2026-06-23,AAPL,0.4597274079318826
2026-06-23,META,0.2676530383463885
2026-06-23,MSFT,0.262721434129792
2026-06-23,NVDA,0.3512332817623386
2026-06-23,TSLA,0.4755759456288438
2026-06-24,AAPL,0.4164855317978692
2026-06-24,META,0.4022954720793837
2026-06-24,MSFT,0.3042997518118587
2026-06-24,NVDA,0.3054235226622048
2026-06-24,TSLA,0.4405603093590986
2026-06-25,AAPL,0.3697894316719369
2026-06-25,META,0.2265079957600955
2026-06-25,MSFT,0.205951018476094
2026-06-25,NVDA,0.309450230931552
2026-06-25,TSLA,0.3773633958955543
2026-06-26,AAPL,0.3891517769308821
2026-06-26,META,0.3041933737253866
2026-06-26,MSFT,0.2247951704337049
2026-06-26,NVDA,0.3609771468872887
2026-06-26,TSLA,0.503770392625564
2026-06-29,AAPL,0.372616949958557
2026-06-29,META,0.4084139407775298
2026-06-29,MSFT,0.3174050832067917
2026-06-29,NVDA,0.3872972660316051
2026-06-29,TSLA,0.5951365446307031
2026-06-30,AAPL,0.441936476526183
2026-06-30,META,0.4133214162319201
2026-06-30,MSFT,0.3223244023291325
2026-06-30,NVDA,0.4807072272493543
2026-06-30,TSLA,0.6625095022258167
2026-07-01,AAPL,0.3812794089049082
2026-07-01,META,0.379612923871162
2026-07-01,MSFT,0.3659878761522098
2026-07-01,NVDA,0.4625196603751072
2026-07-01,TSLA,0.637122769262124
