ts,symbol,cvd_session,cvd_1m,imbalance,vol_session,trades_n,blocks_n
2026-07-02T10:11:03,AAPL,2566,2566,0.0,5026,80,0
2026-07-02T10:11:03,NVDA,531,531,0.0909,9217,121,0
2026-07-02T10:11:03,TSLA,-2587,-2587,-0.3333,2821,54,0
2026-07-02T10:11:03,MSFT,2526,2526,0.0,3404,37,0
2026-07-02T10:11:03,META,224,224,0.0,706,18,0
2026-07-02T10:11:03,MSTR,696,696,-0.3333,712,16,0
2026-07-02T10:11:03,ORCL,-293,-293,0.3333,715,11,0
2026-07-02T10:11:03,NFLX,1116,1116,0.3333,10658,75,0
2026-07-02T10:11:03,AVGO,-87,-87,-0.3333,809,32,0
2026-07-02T10:11:03,CRWD,-143,-143,0.3333,675,21,0
2026-07-02T10:12:03,AAPL,9147,6581,-0.3333,17817,264,0
2026-07-02T10:12:03,NVDA,342,-189,0.0,20422,255,0
2026-07-02T10:12:03,TSLA,-3961,-1374,0.0,4475,93,0
2026-07-02T10:12:03,MSFT,3138,612,0.0,5144,72,0
2026-07-02T10:12:03,META,-3698,-3922,-0.3333,5148,82,0
2026-07-02T10:12:03,MSTR,86,-610,-0.3333,1340,30,0
2026-07-02T10:12:03,ORCL,-144,149,0.0,1464,23,0
2026-07-02T10:12:03,NFLX,913,-203,-0.3333,24783,172,0
2026-07-02T10:12:03,AVGO,-321,-234,-0.3333,1043,47,0
2026-07-02T10:12:03,CRWD,-197,-54,0.0,929,27,0
2026-07-02T10:13:03,AAPL,19047,9900,0.3333,37673,406,1
2026-07-02T10:13:03,NVDA,5023,4681,-0.5,30937,364,0
2026-07-02T10:13:03,TSLA,-6188,-2227,0.6,6702,134,0
2026-07-02T10:13:03,MSFT,5245,2107,0.0,7413,122,0
2026-07-02T10:13:03,META,-4107,-409,0.0,5785,103,0
2026-07-02T10:13:03,MSTR,700,614,-0.3333,2354,41,0
2026-07-02T10:13:03,ORCL,703,847,0.0,2911,43,0
2026-07-02T10:13:03,NFLX,1771,858,-0.3333,36159,273,0
2026-07-02T10:13:03,AVGO,207,528,0.0,2153,76,0
2026-07-02T10:13:03,CRWD,-402,-205,0.0,1134,36,0
2026-07-02T10:14:03,AAPL,20128,1081,0.3333,42506,483,0
2026-07-02T10:14:03,NVDA,1695,-3328,0.6667,49881,582,0
2026-07-02T10:14:03,TSLA,-8740,-2552,0.6,9332,170,0
2026-07-02T10:14:03,MSFT,5912,667,0.0,9372,184,0
2026-07-02T10:14:03,META,-3837,270,-0.3333,6591,125,0
2026-07-02T10:14:03,MSTR,1032,332,-0.3333,2884,51,0
2026-07-02T10:14:03,ORCL,385,-318,0.3333,5831,70,0
2026-07-02T10:14:03,NFLX,3334,1563,-0.4667,43802,352,0
2026-07-02T10:14:03,AVGO,386,179,-0.3333,3356,111,0
2026-07-02T10:14:03,CRWD,-941,-539,0.0,1673,43,0
2026-07-02T10:15:03,AAPL,14958,-5170,-0.3333,54298,634,0
2026-07-02T10:15:03,NVDA,3869,2174,-0.75,60593,719,0
2026-07-02T10:15:03,TSLA,-10615,-1875,0.0,11463,210,0
2026-07-02T10:15:03,MSFT,7079,1167,-0.3333,11275,222,0
2026-07-02T10:15:03,META,-4541,-704,-0.3333,7295,142,0
2026-07-02T10:15:03,MSTR,588,-444,0.0,3784,63,0
2026-07-02T10:15:03,ORCL,51,-334,0.0,6467,81,0
2026-07-02T10:15:03,NFLX,5808,2474,0.0588,50516,420,0
2026-07-02T10:15:03,AVGO,1327,941,-0.5,5603,136,0
2026-07-02T10:15:03,CRWD,-1171,-230,0.0,2063,57,0
2026-07-02T10:16:03,AAPL,12801,-2157,0.0,63815,751,0
2026-07-02T10:16:03,NVDA,4678,809,0.1667,66676,782,0
2026-07-02T10:16:03,TSLA,-12572,-1957,0.3333,14016,259,0
2026-07-02T10:16:03,MSFT,7757,678,-0.6,14393,257,0
2026-07-02T10:16:03,META,-4757,-216,0.4286,7511,149,0
2026-07-02T10:16:03,MSTR,528,-60,-0.3333,4064,69,0
2026-07-02T10:16:03,ORCL,485,434,0.0,7101,92,0
2026-07-02T10:16:03,NFLX,7942,2134,-0.5,61330,524,0
2026-07-02T10:16:03,AVGO,930,-397,-0.2,6080,148,0
2026-07-02T10:16:03,CRWD,-1419,-248,0.0,2311,66,0
2026-07-02T10:17:03,AAPL,8791,-4010,0.0,80699,907,1
2026-07-02T10:17:03,NVDA,6924,2246,0.1429,77180,911,0
2026-07-02T10:17:03,TSLA,-15357,-2785,0.0,17331,314,0
2026-07-02T10:17:03,MSFT,7241,-516,0.0,20771,348,0
2026-07-02T10:17:03,META,-4980,-223,0.6667,8428,179,0
2026-07-02T10:17:03,MSTR,621,93,-0.3333,4357,75,0
2026-07-02T10:17:03,ORCL,397,-88,0.0,7709,105,0
2026-07-02T10:17:03,NFLX,10400,2458,-0.2,66440,588,0
2026-07-02T10:17:03,AVGO,576,-354,0.0,7040,171,0
2026-07-02T10:17:03,CRWD,-1861,-442,0.0,2753,85,0
2026-07-02T10:18:03,AAPL,8367,-424,0.0,85707,997,0
2026-07-02T10:18:03,NVDA,7779,855,0.4545,83343,998,0
2026-07-02T10:18:03,TSLA,-16639,-1282,0.0,21267,390,0
2026-07-02T10:18:03,MSFT,6534,-707,0.0,25766,423,0
2026-07-02T10:18:03,META,-4429,551,0.6667,9313,200,0
2026-07-02T10:18:03,MSTR,1421,800,-0.3333,5757,97,0
2026-07-02T10:18:03,ORCL,1001,604,0.0,8785,122,0
2026-07-02T10:18:03,NFLX,10233,-167,0.2,71205,642,0
2026-07-02T10:18:03,AVGO,-198,-774,-0.3333,8566,205,0
2026-07-02T10:18:03,CRWD,-2043,-182,-0.6667,3107,97,0
2026-07-02T10:19:03,AAPL,10485,2118,0.0,91825,1085,0
2026-07-02T10:19:03,NVDA,7628,-151,-0.5,89928,1084,0
2026-07-02T10:19:03,TSLA,-16502,137,0.6,23720,449,0
2026-07-02T10:19:03,MSFT,7012,478,0.0,31012,518,0
2026-07-02T10:19:03,META,-4418,11,0.3333,10152,223,0
2026-07-02T10:19:03,MSTR,2317,896,-0.3333,6653,111,0
2026-07-02T10:19:03,ORCL,1508,507,0.0,10900,145,0
2026-07-02T10:19:03,NFLX,9615,-618,-0.5714,75763,680,0
2026-07-02T10:19:03,AVGO,-494,-296,0.0,8862,213,0
2026-07-02T10:19:03,CRWD,-2324,-281,-0.6667,3388,107,0
2026-07-02T10:20:03,AAPL,12218,1733,0.3333,102014,1225,0
2026-07-02T10:20:03,NVDA,6014,-1614,-0.4286,102622,1209,0
2026-07-02T10:20:03,TSLA,-18299,-1797,0.7778,25919,495,0
2026-07-02T10:20:03,MSFT,5901,-1111,0.0,32447,551,0
2026-07-02T10:20:03,META,-4166,252,0.0,11554,270,0
2026-07-02T10:20:03,MSTR,1867,-450,-0.3333,7783,125,0
2026-07-02T10:20:03,ORCL,1817,309,0.0,11409,152,0
2026-07-02T10:20:03,NFLX,12439,2824,-0.5,82007,751,0
2026-07-02T10:20:03,AVGO,-2144,-1650,0.0,10782,250,0
2026-07-02T10:20:03,CRWD,-2547,-223,-0.6667,3611,114,0
2026-07-02T10:21:03,AAPL,13846,1628,-0.5,112936,1372,0
2026-07-02T10:21:03,NVDA,23202,17188,0.1111,134878,1434,1
2026-07-02T10:21:03,TSLA,-20251,-1952,0.6,27951,539,0
2026-07-02T10:21:03,MSFT,6020,119,0.0,35094,609,0
2026-07-02T10:21:03,META,-3800,366,0.6,12372,307,0
2026-07-02T10:21:03,MSTR,1529,-338,0.0,8403,144,0
2026-07-02T10:21:03,ORCL,2773,956,0.0,14081,179,0
2026-07-02T10:21:03,NFLX,12948,509,0.0,87526,817,0
2026-07-02T10:21:03,AVGO,-1721,423,0.0,11285,264,0
2026-07-02T10:21:03,CRWD,-2608,-61,-0.6667,4080,128,0
2026-07-02T10:22:03,AAPL,16214,2368,-0.5,121600,1498,0
2026-07-02T10:22:03,NVDA,28219,5017,0.0909,145529,1563,0
2026-07-02T10:22:03,TSLA,-22338,-2087,0.6,30118,582,0
2026-07-02T10:22:03,MSFT,7213,1193,0.0,36497,650,0
2026-07-02T10:22:03,META,-4210,-410,0.0,12782,326,0
2026-07-02T10:22:03,MSTR,2006,477,-0.3333,9726,169,0
2026-07-02T10:22:03,ORCL,2831,58,0.0,15197,199,0
2026-07-02T10:22:03,NFLX,14024,1076,0.6,90392,847,0
2026-07-02T10:22:03,AVGO,-2008,-287,-0.3333,13256,305,0
2026-07-02T10:22:03,CRWD,-2997,-389,-0.6667,4469,141,0
2026-07-02T10:23:03,AAPL,13213,-3001,0.0,134709,1610,0
2026-07-02T10:23:03,NVDA,30666,2447,-0.5556,160982,1715,0
2026-07-02T10:23:03,TSLA,-23455,-1117,0.6,31323,618,0
2026-07-02T10:23:03,MSFT,9343,2130,0.0,38985,708,0
2026-07-02T10:23:03,META,-4282,-72,0.6667,13394,351,0
2026-07-02T10:23:03,MSTR,1650,-356,0.0,11466,200,0
2026-07-02T10:23:03,ORCL,2781,-50,0.0,16831,227,0
2026-07-02T10:23:03,NFLX,14302,278,0.7778,95386,888,0
2026-07-02T10:23:03,AVGO,-2622,-614,0.0,14280,330,0
2026-07-02T10:23:03,CRWD,-3268,-271,-0.6667,4746,152,0
2026-07-02T10:24:03,AAPL,18220,5007,0.3333,145210,1717,0
2026-07-02T10:24:03,NVDA,33601,2935,-0.0909,165057,1779,0
2026-07-02T10:24:03,TSLA,-23838,-383,-0.3333,33562,666,0
2026-07-02T10:24:03,MSFT,8202,-1141,0.0,43070,780,0
2026-07-02T10:24:03,META,-4169,113,0.6667,13795,366,0
2026-07-02T10:24:03,MSTR,3352,1702,-0.3333,13734,233,0
2026-07-02T10:24:03,ORCL,1641,-1140,0.0,18187,248,0
2026-07-02T10:24:03,NFLX,12739,-1563,-0.1429,107887,981,0
2026-07-02T10:24:03,AVGO,-2574,48,-0.3333,14748,351,0
2026-07-02T10:24:03,CRWD,-3707,-439,-0.6667,5185,162,0
2026-07-02T10:25:03,AAPL,26592,8372,0.0,156502,1821,0
2026-07-02T10:25:03,NVDA,33436,-165,0.7778,169920,1849,0
2026-07-02T10:25:03,TSLA,-25275,-1437,0.4545,35641,713,0
2026-07-02T10:25:03,MSFT,8224,22,0.0,45442,810,0
2026-07-02T10:25:03,META,-4215,-46,0.0,14071,380,0
2026-07-02T10:25:03,MSTR,4190,838,-0.3333,14574,243,0
2026-07-02T10:25:03,ORCL,1989,348,0.0,19537,265,0
2026-07-02T10:25:03,NFLX,14781,2042,-0.2,116583,1057,0
2026-07-02T10:25:03,AVGO,-2070,504,0.0,15904,386,0
2026-07-02T10:25:03,CRWD,-3768,-61,0.0,5406,172,0
2026-07-02T10:26:03,AAPL,34629,8037,-0.3333,167819,1939,0
2026-07-02T10:26:03,NVDA,32970,-466,0.0,181156,1963,0
2026-07-02T10:26:03,TSLA,-28000,-2725,0.6,38648,757,0
2026-07-02T10:26:03,MSFT,8158,-66,0.0,47366,842,0
2026-07-02T10:26:03,META,-4201,14,0.0,14145,383,0
2026-07-02T10:26:03,MSTR,3707,-483,-0.3333,15457,258,0
2026-07-02T10:26:03,ORCL,4178,2189,0.0,22310,284,0
2026-07-02T10:26:03,NFLX,15593,812,-0.2,120379,1104,0
2026-07-02T10:26:03,AVGO,-3651,-1581,-0.3333,18067,417,0
2026-07-02T10:26:03,CRWD,-3601,167,-0.6667,5671,188,0
2026-07-02T10:27:03,AAPL,35413,784,0.0,172705,2038,0
2026-07-02T10:27:03,NVDA,35926,2956,0.0769,187628,2050,0
2026-07-02T10:27:03,TSLA,-29863,-1863,0.6,40571,797,0
2026-07-02T10:27:03,MSFT,8376,218,0.0,48778,873,0
2026-07-02T10:27:03,META,-3698,503,0.6,14648,405,0
2026-07-02T10:27:03,MSTR,3207,-500,-0.3333,16165,269,0
2026-07-02T10:27:03,ORCL,4800,622,0.0,23114,302,0
2026-07-02T10:27:03,NFLX,16027,434,-0.5,124767,1145,0
2026-07-02T10:27:03,AVGO,-5256,-1605,-0.3333,20298,457,0
2026-07-02T10:27:03,CRWD,-3844,-243,-0.6667,6026,198,0
2026-07-02T10:28:03,AAPL,36089,676,0.5,174935,2095,0
2026-07-02T10:28:03,NVDA,38870,2944,0.0,196866,2171,0
2026-07-02T10:28:03,TSLA,-31117,-1254,0.6,42219,830,0
2026-07-02T10:28:03,MSFT,6700,-1676,0.0,51948,914,0
2026-07-02T10:28:03,META,-3278,420,0.3333,15428,427,0
2026-07-02T10:28:03,MSTR,4132,925,-0.3333,17090,283,0
2026-07-02T10:28:03,ORCL,5541,741,0.0,25075,323,0
2026-07-02T10:28:03,NFLX,16992,965,0.6,127172,1180,0
2026-07-02T10:28:03,AVGO,-6682,-1426,0.0,21804,488,0
2026-07-02T10:28:03,CRWD,-4182,-338,-0.6667,6364,208,0
2026-07-02T10:29:03,AAPL,38368,2279,0.3333,182454,2200,0
2026-07-02T10:29:03,NVDA,40727,1857,0.0769,209121,2301,0
2026-07-02T10:29:03,TSLA,-32611,-1494,0.6,43713,860,0
2026-07-02T10:29:03,MSFT,10943,4243,0.0,57355,986,0
2026-07-02T10:29:03,META,-3570,-292,-0.3333,15964,452,0
2026-07-02T10:29:03,MSTR,3997,-135,0.0,18005,298,0
2026-07-02T10:29:03,ORCL,5438,-103,0.0,26196,352,0
2026-07-02T10:29:03,NFLX,18876,1884,-0.5556,130890,1230,0
2026-07-02T10:29:03,AVGO,-6935,-253,-0.3333,22365,504,0
2026-07-02T10:29:03,CRWD,-4445,-263,-0.6667,6627,215,0
2026-07-02T10:30:03,AAPL,40263,1895,-0.2,185879,2240,0
2026-07-02T10:30:03,NVDA,43409,2682,0.0,216783,2408,0
2026-07-02T10:30:03,TSLA,-33553,-942,0.6,45219,906,0
2026-07-02T10:30:03,MSFT,11554,611,0.0,59154,1032,0
2026-07-02T10:30:03,META,-3485,85,0.0,16507,470,0
2026-07-02T10:30:03,MSTR,4180,183,-0.3333,18756,311,0
2026-07-02T10:30:03,ORCL,5362,-76,0.0,29846,413,0
2026-07-02T10:30:03,NFLX,18539,-337,-0.4545,135267,1273,0
2026-07-02T10:30:03,AVGO,-8273,-1338,-0.3333,23703,529,0
2026-07-02T10:30:03,CRWD,-4205,240,0.0,7155,228,0
2026-07-02T10:31:03,AAPL,42490,2227,-0.3333,191006,2324,0
2026-07-02T10:31:03,NVDA,41169,-2240,0.0909,247571,2705,0
2026-07-02T10:31:03,TSLA,-33636,-83,0.6,47252,957,0
2026-07-02T10:31:03,MSFT,10730,-824,-0.3333,60236,1067,0
2026-07-02T10:31:03,META,-3400,85,-0.3333,17026,487,0
2026-07-02T10:31:03,MSTR,3946,-234,-0.3333,19922,326,0
2026-07-02T10:31:03,ORCL,7242,1880,0.0,32384,457,0
2026-07-02T10:31:03,NFLX,20904,2365,-0.5,141704,1338,0
2026-07-02T10:31:03,AVGO,-8693,-420,-0.3333,24411,553,0
2026-07-02T10:31:03,CRWD,-3264,941,0.0,8132,252,0
2026-07-02T10:32:03,AAPL,45184,2694,-0.3333,200002,2432,0
2026-07-02T10:32:03,NVDA,42309,1140,0.0769,257765,2833,0
2026-07-02T10:32:03,TSLA,-35739,-2103,0.6,49355,1003,0
2026-07-02T10:32:03,MSFT,12505,1775,0.0,62415,1117,0
2026-07-02T10:32:03,META,-3752,-352,0.4286,17630,514,0
2026-07-02T10:32:03,MSTR,3815,-131,0.0,20671,335,0
2026-07-02T10:32:03,ORCL,7946,704,0.0,33526,481,0
2026-07-02T10:32:03,NFLX,26171,5267,-0.5,156893,1446,0
2026-07-02T10:32:03,AVGO,-8936,-243,-0.3333,25028,593,0
2026-07-02T10:32:03,CRWD,-2912,352,0.0,8484,262,0
2026-07-02T10:33:03,AAPL,46540,1356,-0.5,204462,2497,0
2026-07-02T10:33:03,NVDA,42213,-96,-0.1667,264287,2931,0
2026-07-02T10:33:03,TSLA,-36452,-713,0.6,51696,1055,0
2026-07-02T10:33:03,MSFT,12062,-443,0.0,65652,1177,0
2026-07-02T10:33:03,META,-3907,-155,0.4286,18061,528,0
2026-07-02T10:33:03,MSTR,4403,588,-0.5,21261,349,0
2026-07-02T10:33:03,ORCL,7658,-288,0.0,34908,503,0
2026-07-02T10:33:03,NFLX,29575,3404,0.1429,164771,1509,0
2026-07-02T10:33:03,AVGO,-10513,-1577,-0.3333,26847,638,0
2026-07-02T10:33:03,CRWD,-2927,-15,-0.6667,8953,275,0
2026-07-02T10:34:03,AAPL,43050,-3490,0.0,213364,2583,0
2026-07-02T10:34:03,NVDA,41749,-464,-0.5,277559,3083,0
2026-07-02T10:34:03,TSLA,-38228,-1776,-0.3333,53772,1104,0
2026-07-02T10:34:03,MSFT,15868,3806,0.0,71662,1261,0
2026-07-02T10:34:03,META,-3544,363,-0.3333,18626,550,0
2026-07-02T10:34:03,MSTR,4892,489,-0.3333,21986,367,0
2026-07-02T10:34:03,ORCL,10101,2443,0.0,37587,524,0
2026-07-02T10:34:03,NFLX,28940,-635,0.0,169084,1554,0
2026-07-02T10:34:03,AVGO,-13295,-2782,-0.5,29729,685,0
2026-07-02T10:34:03,CRWD,-3038,-111,-0.6667,9158,281,0
2026-07-02T10:35:04,AAPL,44544,1494,-0.2,219724,2688,0
2026-07-02T10:35:04,NVDA,44429,2680,-0.25,290519,3224,0
2026-07-02T10:35:04,TSLA,-38622,-394,0.6,54900,1135,0
2026-07-02T10:35:04,MSFT,16565,697,0.0,73261,1291,0
2026-07-02T10:35:04,META,-3038,506,0.3333,19132,568,0
2026-07-02T10:35:04,MSTR,4693,-199,-0.3333,22927,385,0
2026-07-02T10:35:04,ORCL,9836,-265,0.0,38182,534,0
2026-07-02T10:35:04,NFLX,29008,68,0.5,172552,1604,0
2026-07-02T10:35:04,AVGO,-14166,-871,-0.3333,30600,712,0
2026-07-02T10:35:04,CRWD,-3287,-249,-0.6667,9407,292,0
2026-07-02T10:36:04,AAPL,45347,803,0.0,223599,2789,0
2026-07-02T10:36:04,NVDA,44935,506,0.0,298945,3346,0
2026-07-02T10:36:04,TSLA,-41883,-3261,0.4545,58245,1200,0
2026-07-02T10:36:04,MSFT,15908,-657,0.0,75706,1352,0
2026-07-02T10:36:04,META,-2362,676,0.6,19888,595,0
2026-07-02T10:36:04,MSTR,4892,199,-0.3333,23526,394,0
2026-07-02T10:36:04,ORCL,10612,776,0.0,39212,549,0
2026-07-02T10:36:04,NFLX,30544,1536,0.1765,186388,1692,0
2026-07-02T10:36:04,AVGO,-14863,-697,0.0,31399,744,0
2026-07-02T10:36:04,CRWD,-3367,-80,0.3333,9609,299,0
2026-07-02T10:37:04,AAPL,46806,1459,0.0,229290,2896,0
2026-07-02T10:37:04,NVDA,45729,794,0.0,308685,3453,0
2026-07-02T10:37:04,TSLA,-43391,-1508,0.5385,60351,1242,0
2026-07-02T10:37:04,MSFT,16752,844,0.0,77150,1389,0
2026-07-02T10:37:04,META,-2206,156,0.6,20294,610,0
2026-07-02T10:37:04,MSTR,5235,343,-0.3333,24677,412,0
2026-07-02T10:37:04,ORCL,9878,-734,0.0,40156,563,0
2026-07-02T10:37:04,NFLX,50287,19743,-0.4,215763,1839,0
2026-07-02T10:37:04,AVGO,-14787,76,0.0,31739,768,0
2026-07-02T10:37:04,CRWD,-2421,946,0.0,10933,341,0
2026-07-02T10:38:04,AAPL,56502,9696,0.2,244400,3087,0
2026-07-02T10:38:04,NVDA,46640,911,-0.7143,318820,3571,0
2026-07-02T10:38:04,TSLA,-45072,-1681,0.6667,62042,1278,0
2026-07-02T10:38:04,MSFT,17641,889,0.0,79491,1429,0
2026-07-02T10:38:04,META,-2284,-78,0.6,20742,628,0
2026-07-02T10:38:04,MSTR,5446,211,0.0,24888,420,0
2026-07-02T10:38:04,ORCL,9109,-769,0.0,40927,574,0
2026-07-02T10:38:04,NFLX,40315,-9972,-0.2727,231929,1933,0
2026-07-02T10:38:04,AVGO,-15294,-507,0.0,32346,782,0
2026-07-02T10:38:04,CRWD,-2508,-87,-0.6667,11412,352,0
2026-07-02T10:39:04,AAPL,55691,-811,0.3333,251311,3205,0
2026-07-02T10:39:04,NVDA,48006,1366,0.1667,333636,3716,0
2026-07-02T10:39:04,TSLA,-46000,-928,0.6667,63716,1315,0
2026-07-02T10:39:04,MSFT,18736,1095,0.0,81898,1477,0
2026-07-02T10:39:04,META,-2026,258,0.4286,21000,642,0
2026-07-02T10:39:04,MSTR,6106,660,-0.3333,25548,432,0
2026-07-02T10:39:04,ORCL,10455,1346,0.0,42329,592,0
2026-07-02T10:39:04,NFLX,45474,5159,0.5556,261342,2061,0
2026-07-02T10:39:04,AVGO,-13377,1917,-0.3333,34817,836,0
2026-07-02T10:39:04,CRWD,-3884,-1376,-0.6667,12788,378,0
2026-07-02T10:40:04,AAPL,60390,4699,-0.5,259160,3319,0
2026-07-02T10:40:04,NVDA,50641,2635,0.2308,346607,3853,0
2026-07-02T10:40:04,TSLA,-46912,-912,0.6667,65592,1352,0
2026-07-02T10:40:04,MSFT,18474,-262,0.0,84260,1521,0
2026-07-02T10:40:04,META,-1775,251,0.4286,21331,655,0
2026-07-02T10:40:04,MSTR,6522,416,-0.3333,26996,459,0
2026-07-02T10:40:04,ORCL,10496,41,0.0,42820,601,0
2026-07-02T10:40:04,NFLX,47052,1578,-0.5,272644,2151,0
2026-07-02T10:40:04,AVGO,-13800,-423,-0.3333,35652,867,0
2026-07-02T10:40:04,CRWD,-4846,-962,-0.6667,13750,396,0
2026-07-02T10:41:04,AAPL,65965,5575,-0.3333,270345,3493,0
2026-07-02T10:41:04,NVDA,52648,2007,0.8,371418,4105,0
2026-07-02T10:41:04,TSLA,-48603,-1691,0.6667,68203,1390,0
2026-07-02T10:41:04,MSFT,19440,966,0.0,87938,1592,0
2026-07-02T10:41:04,META,-1980,-205,0.6,21912,673,0
2026-07-02T10:41:04,MSTR,6630,108,-0.3333,27546,469,0
2026-07-02T10:41:04,ORCL,5913,-4583,0.0,47635,638,0
2026-07-02T10:41:04,NFLX,50298,3246,0.6,280130,2229,0
2026-07-02T10:41:04,AVGO,-16638,-2838,0.3333,39138,945,0
2026-07-02T10:41:04,CRWD,-5339,-493,-0.6667,14325,411,0
2026-07-02T10:42:04,AAPL,69751,3786,-0.6667,276681,3582,0
2026-07-02T10:42:04,NVDA,54308,1660,0.5556,388374,4275,0
2026-07-02T10:42:04,TSLA,-50369,-1766,0.6667,71689,1459,0
2026-07-02T10:42:04,MSFT,19585,145,0.0,90925,1626,0
2026-07-02T10:42:04,META,-1526,454,0.6,22366,691,0
2026-07-02T10:42:04,MSTR,6891,261,-0.3333,28225,480,0
2026-07-02T10:42:04,ORCL,5314,-599,0.0,50236,661,0
2026-07-02T10:42:04,NFLX,50391,93,0.1111,285801,2296,0
2026-07-02T10:42:04,AVGO,-16667,-29,0.0,39687,966,0
2026-07-02T10:42:04,CRWD,-9329,-3990,-0.6667,18505,476,0
2026-07-02T10:43:04,AAPL,74508,4757,0.3333,285538,3687,0
2026-07-02T10:43:04,NVDA,54373,65,-0.0909,403531,4413,0
2026-07-02T10:43:04,TSLA,-49269,1100,0.8333,74681,1520,0
2026-07-02T10:43:04,MSFT,21393,1808,0.0,92815,1654,0
2026-07-02T10:43:04,META,-1136,390,0.6,22760,702,0
2026-07-02T10:43:04,MSTR,7461,570,-0.3333,28997,494,0
2026-07-02T10:43:04,ORCL,4719,-595,0.0,51431,679,0
2026-07-02T10:43:04,NFLX,52290,1899,0.6667,289094,2339,0
2026-07-02T10:43:04,AVGO,-16155,512,0.0,40199,983,0
2026-07-02T10:43:04,CRWD,-9086,243,-0.25,18908,486,0
2026-07-02T10:44:04,AAPL,79200,4692,-0.5,299000,3856,0
2026-07-02T10:44:04,NVDA,57266,2893,0.8571,414006,4544,0
2026-07-02T10:44:04,TSLA,-49835,-566,0.6923,76789,1569,0
2026-07-02T10:44:04,MSFT,22537,1144,0.0,94679,1684,0
2026-07-02T10:44:04,META,-920,216,0.6,23208,715,0
2026-07-02T10:44:04,MSTR,8014,553,0.0,29952,506,0
2026-07-02T10:44:04,ORCL,4390,-329,0.0,52284,688,0
2026-07-02T10:44:04,NFLX,52498,208,-0.1429,293410,2380,0
2026-07-02T10:44:04,AVGO,-15268,887,0.0,41086,1022,0
2026-07-02T10:44:04,CRWD,-9573,-487,-0.6667,19523,503,0
2026-07-02T10:45:04,AAPL,81513,2313,-0.3333,308093,3967,0
2026-07-02T10:45:04,NVDA,60212,2946,0.0909,430986,4715,0
2026-07-02T10:45:04,TSLA,-50753,-918,0.6923,78567,1608,0
2026-07-02T10:45:04,MSFT,21803,-734,0.0,97401,1717,0
2026-07-02T10:45:04,META,-763,157,0.1429,23365,724,0
2026-07-02T10:45:04,MSTR,8652,638,-0.3333,30614,514,0
2026-07-02T10:45:04,ORCL,3895,-495,0.0,53729,720,0
2026-07-02T10:45:04,NFLX,50608,-1890,-0.5,297932,2423,0
2026-07-02T10:45:04,AVGO,-14767,501,0.0,41587,1035,0
2026-07-02T10:45:04,CRWD,-9346,227,-0.6667,20078,520,0
2026-07-02T10:46:04,AAPL,88106,6593,-0.3333,321474,4152,0
2026-07-02T10:46:04,NVDA,59404,-808,0.125,446388,4863,0
2026-07-02T10:46:04,TSLA,-50910,-157,0.8333,80582,1653,0
2026-07-02T10:46:04,MSFT,21496,-307,0.0,98844,1747,0
2026-07-02T10:46:04,META,-924,-161,0.3333,23812,742,0
2026-07-02T10:46:04,MSTR,8908,256,0.0,31402,533,0
2026-07-02T10:46:04,ORCL,4409,514,0.0,55073,736,0
2026-07-02T10:46:04,NFLX,50337,-271,-0.3333,302527,2472,0
2026-07-02T10:46:04,AVGO,-15089,-322,0.0,42245,1069,0
2026-07-02T10:46:04,CRWD,-9911,-565,-0.6667,20643,535,0
2026-07-02T10:47:04,AAPL,95066,6960,-0.3333,328722,4237,0
2026-07-02T10:47:04,NVDA,56998,-2406,-0.5,457094,4968,0
2026-07-02T10:47:04,TSLA,-52086,-1176,0.8333,82286,1696,0
2026-07-02T10:47:04,MSFT,18420,-3076,0.0,103658,1831,0
2026-07-02T10:47:04,META,-769,155,0.6667,24525,759,0
2026-07-02T10:47:04,MSTR,9431,523,-0.3333,32341,545,0
2026-07-02T10:47:04,ORCL,1928,-2481,0.0,59332,781,0
2026-07-02T10:47:04,NFLX,55970,5633,0.5,310908,2547,0
2026-07-02T10:47:04,AVGO,-14976,113,0.3333,42678,1079,0
2026-07-02T10:47:04,CRWD,-10149,-238,-0.6667,20881,544,0
2026-07-02T10:48:04,AAPL,98599,3533,-0.5,335589,4349,0
2026-07-02T10:48:04,NVDA,56780,-218,-0.6667,468948,5063,0
2026-07-02T10:48:04,TSLA,-56780,-4694,0.0,87546,1796,0
2026-07-02T10:48:04,MSFT,19181,761,0.0,107937,1884,0
2026-07-02T10:48:04,META,-439,330,0.3333,25037,769,0
2026-07-02T10:48:04,MSTR,10437,1006,-0.3333,33347,565,0
2026-07-02T10:48:04,ORCL,3225,1297,0.0,63657,835,0
2026-07-02T10:48:04,NFLX,56032,62,0.3333,316934,2632,0
2026-07-02T10:48:04,AVGO,-15124,-148,0.0,43428,1100,0
2026-07-02T10:48:04,CRWD,-9444,705,0.5,21602,572,0
2026-07-02T10:49:04,AAPL,100285,1686,-0.3333,338549,4428,0
2026-07-02T10:49:04,NVDA,66186,9406,0.2727,489994,5273,0
2026-07-02T10:49:04,TSLA,-55765,1015,0.0,89609,1842,0
2026-07-02T10:49:04,MSFT,18362,-819,0.0,109736,1927,0
2026-07-02T10:49:04,META,-641,-202,0.6,25327,788,0
2026-07-02T10:49:04,MSTR,10400,-37,0.0,33954,573,0
2026-07-02T10:49:04,ORCL,2125,-1100,0.0,66617,876,0
2026-07-02T10:49:04,NFLX,57361,1329,-0.3333,329977,2768,0
2026-07-02T10:49:04,AVGO,-14772,352,0.0,43876,1113,0
2026-07-02T10:49:04,CRWD,-8071,1373,-0.4286,22983,619,0
2026-07-02T10:50:04,AAPL,101495,1210,0.0,347521,4571,0
2026-07-02T10:50:04,NVDA,67244,1058,-0.5556,505758,5464,0
2026-07-02T10:50:04,TSLA,-54944,821,0.0,91292,1887,0
2026-07-02T10:50:04,MSFT,18023,-339,0.0,111409,1981,0
2026-07-02T10:50:04,META,-326,315,0.6,26018,805,0
2026-07-02T10:50:04,MSTR,10515,115,0.3333,34269,586,0
2026-07-02T10:50:04,ORCL,4430,2305,0.0,69942,922,0
2026-07-02T10:50:04,NFLX,58763,1402,-0.5,334089,2823,0
2026-07-02T10:50:04,AVGO,-13797,975,0.0,45235,1141,0
2026-07-02T10:50:04,CRWD,-8440,-369,-0.25,23366,632,0
2026-07-02T10:51:04,AAPL,114593,13098,0.0,370505,4758,0
2026-07-02T10:51:04,NVDA,67314,70,0.0,519084,5638,0
2026-07-02T10:51:04,TSLA,-54353,591,-0.3333,92739,1925,0
2026-07-02T10:51:04,MSFT,19401,1378,0.0,113003,2033,0
2026-07-02T10:51:04,META,-239,87,0.6,26157,815,0
2026-07-02T10:51:04,MSTR,10077,-438,-0.3333,35227,610,0
2026-07-02T10:51:04,ORCL,4103,-327,0.0,71783,947,0
2026-07-02T10:51:04,NFLX,59354,591,0.2,339228,2885,0
2026-07-02T10:51:04,AVGO,-13625,172,0.0,46631,1190,0
2026-07-02T10:51:04,CRWD,-8451,-11,-0.25,24141,647,0
2026-07-02T10:52:04,AAPL,125694,11101,-0.1429,384350,4870,1
2026-07-02T10:52:04,NVDA,65510,-1804,-0.5,535388,5774,0
2026-07-02T10:52:04,TSLA,-55157,-804,-0.5,94305,1958,0
2026-07-02T10:52:04,MSFT,19733,332,0.0,115069,2063,0
2026-07-02T10:52:04,META,-2389,-2150,0.6,29081,862,0
2026-07-02T10:52:04,MSTR,10023,-54,0.0,35621,617,0
2026-07-02T10:52:04,ORCL,5590,1487,0.3333,74910,975,0
2026-07-02T10:52:04,NFLX,58638,-716,0.6364,343164,2931,0
2026-07-02T10:52:04,AVGO,-13561,64,0.0,47617,1218,0
2026-07-02T10:52:04,CRWD,-8824,-373,-0.6667,24514,655,0
2026-07-02T10:53:04,AAPL,128679,2985,0.3333,391497,4993,0
2026-07-02T10:53:04,NVDA,66737,1227,-0.3333,542625,5868,0
2026-07-02T10:53:04,TSLA,-56221,-1064,0.9841,96059,2003,0
2026-07-02T10:53:04,MSFT,20785,1052,0.0,120189,2119,0
2026-07-02T10:53:04,META,-2022,367,0.0,29656,874,0
2026-07-02T10:53:04,MSTR,10063,40,-0.3333,36061,622,0
2026-07-02T10:53:04,ORCL,4566,-1024,0.0,77358,1012,0
2026-07-02T10:53:04,NFLX,59664,1026,0.0,347144,2977,0
2026-07-02T10:53:04,AVGO,-12893,668,0.0,48293,1246,0
2026-07-02T10:53:04,CRWD,-9029,-205,0.0,24903,671,0
2026-07-02T10:54:04,AAPL,129736,1057,-0.3333,395018,5083,0
2026-07-02T10:54:04,NVDA,69878,3141,0.0769,550140,6016,0
2026-07-02T10:54:04,TSLA,-58862,-2641,0.992,98860,2060,0
2026-07-02T10:54:04,MSFT,20430,-355,0.0,122820,2168,0
2026-07-02T10:54:04,META,-2990,-968,0.4286,30966,913,0
2026-07-02T10:54:04,MSTR,10004,-59,-0.3333,36522,629,0
2026-07-02T10:54:04,ORCL,2090,-2476,0.0,81570,1066,0
2026-07-02T10:54:04,NFLX,56850,-2814,-0.3333,352546,3033,0
2026-07-02T10:54:04,AVGO,-11691,1202,0.0,49901,1316,0
2026-07-02T10:54:04,CRWD,-9083,-54,-0.6667,25119,685,0
2026-07-02T10:55:04,AAPL,130444,708,-0.3333,397958,5147,0
2026-07-02T10:55:04,NVDA,70988,1110,0.0667,559452,6132,0
2026-07-02T10:55:04,TSLA,-61109,-2247,0.9841,104537,2169,0
2026-07-02T10:55:04,MSFT,19598,-832,0.0,126938,2256,0
2026-07-02T10:55:04,META,-3017,-27,0.0,31875,941,0
2026-07-02T10:55:04,MSTR,9569,-435,-0.3333,37527,642,0
2026-07-02T10:55:04,ORCL,2005,-85,0.0,84957,1104,0
2026-07-02T10:55:04,NFLX,57923,1073,-0.2727,358015,3101,0
2026-07-02T10:55:04,AVGO,-9576,2115,0.0,52144,1368,0
2026-07-02T10:55:04,CRWD,-9386,-303,-0.6667,25426,698,0
2026-07-02T10:56:04,AAPL,132232,1788,0.3333,401460,5228,0
2026-07-02T10:56:04,NVDA,70994,6,0.6,565054,6203,0
2026-07-02T10:56:04,TSLA,-62936,-1827,0.9841,107692,2210,0
2026-07-02T10:56:04,MSFT,19456,-142,0.0,128022,2281,0
2026-07-02T10:56:04,META,-2864,153,0.6,32952,966,0
2026-07-02T10:56:04,MSTR,9099,-470,-0.5,37997,650,0
2026-07-02T10:56:04,ORCL,805,-1200,0.0,86891,1130,0
2026-07-02T10:56:04,NFLX,58183,260,-0.2,360877,3134,0
2026-07-02T10:56:04,AVGO,-9362,214,0.0,52358,1380,0
2026-07-02T10:56:04,CRWD,-9670,-284,-0.6667,25710,711,0
2026-07-02T10:57:04,AAPL,134701,2469,-0.3333,406389,5315,0
2026-07-02T10:57:04,NVDA,74568,3574,0.0769,571836,6278,0
2026-07-02T10:57:04,TSLA,-65099,-2163,-0.3333,110077,2263,0
2026-07-02T10:57:04,MSFT,19849,393,0.0,130403,2318,0
2026-07-02T10:57:04,META,-2657,207,0.6,33241,979,0
2026-07-02T10:57:04,MSTR,9241,142,0.0,38297,660,0
2026-07-02T10:57:04,ORCL,-1274,-2079,0.0,90206,1178,0
2026-07-02T10:57:04,NFLX,60002,1819,0.5,367374,3201,0
2026-07-02T10:57:04,AVGO,-8687,675,0.0,53373,1405,0
2026-07-02T10:57:04,CRWD,-9953,-283,-0.6667,25993,723,0
2026-07-02T10:58:04,AAPL,134640,-61,0.0,410012,5379,0
2026-07-02T10:58:04,NVDA,74770,202,0.0909,580206,6395,0
2026-07-02T10:58:04,TSLA,-67565,-2466,0.9841,112625,2310,0
2026-07-02T10:58:04,MSFT,20326,477,0.0,132932,2354,0
2026-07-02T10:58:04,META,-1893,764,0.6667,34029,1009,0
2026-07-02T10:58:04,MSTR,9146,-95,0.0,38810,675,0
2026-07-02T10:58:04,ORCL,516,1790,0.0,93032,1215,0
2026-07-02T10:58:04,NFLX,63025,3023,-0.1429,376093,3262,0
2026-07-02T10:58:04,AVGO,-7561,1126,0.0,54579,1436,0
2026-07-02T10:58:04,CRWD,-10286,-333,-0.6667,26326,739,0
2026-07-02T10:59:04,AAPL,135164,524,-0.5556,414202,5466,0
2026-07-02T10:59:04,NVDA,82692,7922,-0.0769,596030,6590,0
2026-07-02T10:59:04,TSLA,-68416,-851,0.9841,115474,2366,0
2026-07-02T10:59:04,MSFT,21246,920,0.0,137720,2432,0
2026-07-02T10:59:04,META,-1662,231,0.6,35140,1038,0
2026-07-02T10:59:04,MSTR,9363,217,-0.3333,39711,686,0
2026-07-02T10:59:04,ORCL,-2254,-2770,0.0,98832,1302,0
2026-07-02T10:59:04,NFLX,67130,4105,0.6,385934,3339,0
2026-07-02T10:59:04,AVGO,-6595,966,0.0,55545,1465,0
2026-07-02T10:59:04,CRWD,-10445,-159,-0.6667,26851,759,0
2026-07-02T11:05:53,AAPL,-307,-307,-0.3333,8719,139,0
2026-07-02T11:05:53,NVDA,-1214,-1214,-0.75,11774,143,0
2026-07-02T11:05:53,TSLA,-10351,-10351,-0.5,10911,170,0
2026-07-02T11:05:53,MSFT,2979,2979,0.0,3691,44,0
2026-07-02T11:05:53,META,943,943,0.3333,1913,34,0
2026-07-02T11:05:53,MSTR,427,427,0.0,933,17,0
2026-07-02T11:05:53,ORCL,-185,-185,0.0,3467,48,0
2026-07-02T11:05:53,NFLX,3373,3373,-0.3333,7075,76,0
2026-07-02T11:05:53,AVGO,605,605,0.0,1065,57,0
2026-07-02T11:05:53,CRWD,-464,-464,-0.6667,478,20,0
2026-07-02T11:06:53,AAPL,186,493,0.5,12828,236,0
2026-07-02T11:06:53,NVDA,1038,2252,-0.1667,29392,326,0
2026-07-02T11:06:53,TSLA,-18051,-7700,0.3333,18665,283,0
2026-07-02T11:06:53,MSFT,2312,-667,0.0,5760,80,0
2026-07-02T11:06:53,META,-2375,-3318,0.0,5295,68,0
2026-07-02T11:06:53,MSTR,869,442,-0.3333,2635,41,0
2026-07-02T11:06:53,ORCL,-2419,-2234,0.0,8661,104,0
2026-07-02T11:06:53,NFLX,4886,1513,0.0,11656,126,0
2026-07-02T11:06:53,AVGO,832,227,-0.3333,3064,104,0
2026-07-02T11:06:53,CRWD,-351,113,-0.4286,1187,42,0
2026-07-02T11:07:53,AAPL,417,231,0.0,18277,336,0
2026-07-02T11:07:53,NVDA,-2401,-3439,-0.1667,39029,423,0
2026-07-02T11:07:53,TSLA,-10852,7199,-0.3333,27006,395,0
2026-07-02T11:07:53,MSFT,2171,-141,0.0,7867,112,0
2026-07-02T11:07:53,META,-2053,322,0.6,5915,78,0
2026-07-02T11:07:53,MSTR,778,-91,0.0,3016,52,0
2026-07-02T11:07:53,ORCL,-2108,311,0.0,10600,136,0
2026-07-02T11:07:53,NFLX,4624,-262,0.1429,13902,159,0
2026-07-02T11:07:53,AVGO,-4,-836,-0.3333,4038,142,0
2026-07-02T11:07:53,CRWD,-169,182,-0.4286,1369,48,0
2026-07-02T11:08:54,AAPL,1997,1580,0.3333,21655,411,0
2026-07-02T11:08:54,NVDA,-2475,-74,0.0,46929,501,0
2026-07-02T11:08:54,TSLA,-12981,-2129,-0.3333,38939,576,0
2026-07-02T11:08:54,MSFT,1766,-405,0.0,9070,135,0
2026-07-02T11:08:54,META,-2500,-447,0.0,6980,105,0
2026-07-02T11:08:54,MSTR,755,-23,-0.3333,3941,64,0
2026-07-02T11:08:54,ORCL,-3540,-1432,0.0,13220,177,0
2026-07-02T11:08:54,NFLX,5652,1028,-0.6364,17158,204,0
2026-07-02T11:08:54,AVGO,-901,-897,0.2,5095,171,0
2026-07-02T11:08:54,CRWD,39,208,0.0,1577,57,0
2026-07-02T11:09:54,AAPL,7049,5052,0.5,30071,515,0
2026-07-02T11:09:54,NVDA,281,2756,0.0,55223,607,0
2026-07-02T11:09:54,TSLA,-15966,-2985,-0.3333,45158,700,0
2026-07-02T11:09:54,MSFT,4297,2531,0.0,14317,198,0
2026-07-02T11:09:54,META,-3227,-727,-0.3333,7775,123,0
2026-07-02T11:09:54,MSTR,1198,443,-0.3333,4996,80,0
2026-07-02T11:09:54,ORCL,-3010,530,0.0,17324,226,0
2026-07-02T11:09:54,NFLX,8469,2817,0.2,20741,246,0
2026-07-02T11:09:54,AVGO,-2264,-1363,-0.3333,6892,232,0
2026-07-02T11:09:54,CRWD,-202,-241,0.0,2600,74,0
2026-07-02T11:10:54,AAPL,11358,4309,0.3333,37690,630,0
2026-07-02T11:10:54,NVDA,1974,1693,0.4286,67130,743,0
2026-07-02T11:10:54,TSLA,-23430,-7464,0.0,53480,844,0
2026-07-02T11:10:54,MSFT,1456,-2841,0.0,18070,251,0
2026-07-02T11:10:54,META,-3749,-522,0.0,8309,135,0
2026-07-02T11:10:54,MSTR,1745,547,-0.3333,5627,90,0
2026-07-02T11:10:54,ORCL,-1581,1429,0.0,21981,294,0
2026-07-02T11:10:54,NFLX,11836,3367,-0.2941,27178,309,0
2026-07-02T11:10:54,AVGO,-2599,-335,-0.3333,8315,275,0
2026-07-02T11:10:54,CRWD,-103,99,0.0,2699,82,0
2026-07-02T11:11:54,AAPL,9793,-1565,0.0,45411,710,0
2026-07-02T11:11:54,NVDA,2175,201,-0.0769,73213,813,0
2026-07-02T11:11:54,TSLA,-26595,-3165,-0.3333,57115,920,0
2026-07-02T11:11:54,MSFT,393,-1063,0.0,19553,273,0
2026-07-02T11:11:54,META,-3911,-162,0.3333,8471,141,0
2026-07-02T11:11:54,MSTR,2345,600,-0.3333,6827,109,0
2026-07-02T11:11:54,ORCL,-1467,114,0.0,23315,320,0
2026-07-02T11:11:54,NFLX,14268,2432,0.5,31994,373,0
2026-07-02T11:11:54,AVGO,-3378,-779,0.0,9256,301,0
2026-07-02T11:11:54,CRWD,348,451,0.3333,3150,93,0
2026-07-02T11:12:54,AAPL,13709,3916,0.3333,51131,811,0
2026-07-02T11:12:54,NVDA,3644,1469,0.6667,84328,910,0
2026-07-02T11:12:54,TSLA,-29314,-2719,-0.3333,59834,972,0
2026-07-02T11:12:54,MSFT,468,75,0.0,20260,297,0
2026-07-02T11:12:54,META,-3690,221,0.6,8904,157,0
2026-07-02T11:12:54,MSTR,2438,93,-0.3333,7578,127,0
2026-07-02T11:12:54,ORCL,-2105,-638,0.0,27361,351,0
2026-07-02T11:12:54,NFLX,14345,77,0.8667,34715,405,0
2026-07-02T11:12:54,AVGO,-4296,-918,0.0,10546,337,0
2026-07-02T11:12:54,CRWD,568,220,0.5,3370,96,0
2026-07-02T11:13:54,AAPL,22815,9106,-0.5,66263,943,0
2026-07-02T11:13:54,NVDA,8689,5045,-0.2,91969,1000,0
2026-07-02T11:13:54,TSLA,-33158,-3844,-0.3333,68046,1071,0
2026-07-02T11:13:54,MSFT,484,16,0.0,22028,335,0
2026-07-02T11:13:54,META,-4467,-777,-0.3333,9707,184,0
2026-07-02T11:13:54,MSTR,2669,231,-0.3333,8331,143,0
2026-07-02T11:13:54,ORCL,962,3067,0.0,30508,373,0
2026-07-02T11:13:54,NFLX,16014,1669,-0.2857,41326,452,0
2026-07-02T11:13:54,AVGO,-3845,451,-0.3333,11067,351,0
2026-07-02T11:13:54,CRWD,675,107,-0.6667,3757,105,0
2026-07-02T11:14:54,AAPL,26018,3203,0.3333,75736,1081,0
2026-07-02T11:14:54,NVDA,3932,-4757,-0.1429,104444,1096,0
2026-07-02T11:14:54,TSLA,-34645,-1487,-0.3333,70475,1134,0
2026-07-02T11:14:54,MSFT,-165,-649,0.0,24357,391,0
2026-07-02T11:14:54,META,-5013,-546,0.6,10469,207,0
2026-07-02T11:14:54,MSTR,2529,-140,-0.3333,8961,152,0
2026-07-02T11:14:54,ORCL,4953,3991,0.0,34903,411,0
2026-07-02T11:14:54,NFLX,14330,-1684,-0.6,47656,511,0
2026-07-02T11:14:54,AVGO,-3215,630,-0.3333,12171,375,0
2026-07-02T11:14:54,CRWD,488,-187,-0.6667,3944,108,0
2026-07-02T11:15:54,AAPL,23666,-2352,0.2,82634,1167,0
2026-07-02T11:15:54,NVDA,8960,5028,0.0769,115954,1210,0
2026-07-02T11:15:54,TSLA,-36452,-1807,0.0,79056,1251,0
2026-07-02T11:15:54,MSFT,2413,2578,0.0,28233,462,0
2026-07-02T11:15:54,META,-4605,408,0.3333,11177,231,0
2026-07-02T11:15:54,MSTR,2837,308,-0.3333,9269,158,0
2026-07-02T11:15:54,ORCL,4260,-693,0.0,36660,440,0
2026-07-02T11:15:54,NFLX,21662,7332,0.6,63772,626,0
2026-07-02T11:15:54,AVGO,-3133,82,-0.3333,13303,407,0
2026-07-02T11:15:54,CRWD,408,-80,-0.6667,4024,110,0
2026-07-02T11:16:54,AAPL,24140,474,-0.5,86832,1245,0
2026-07-02T11:16:54,NVDA,9805,845,0.0,127563,1328,0
2026-07-02T11:16:54,TSLA,-33175,3277,-0.3333,83935,1330,0
2026-07-02T11:16:54,MSFT,2594,181,0.0,32030,538,0
2026-07-02T11:16:54,META,-3976,629,0.4286,11806,245,0
2026-07-02T11:16:54,MSTR,2866,29,-0.3333,9810,168,0
2026-07-02T11:16:54,ORCL,3903,-357,0.0,38655,473,0
2026-07-02T11:16:54,NFLX,26322,4660,-0.2,73906,726,0
2026-07-02T11:16:54,AVGO,-2891,242,-0.3333,13799,426,0
2026-07-02T11:16:54,CRWD,425,17,-0.4286,4287,117,0
2026-07-02T11:17:54,AAPL,26046,1906,-0.3333,93038,1355,0
2026-07-02T11:17:54,NVDA,6534,-3271,-0.6,136212,1391,0
2026-07-02T11:17:54,TSLA,-31422,1753,-0.3333,91932,1443,0
2026-07-02T11:17:54,MSFT,1810,-784,-0.3333,33608,577,0
2026-07-02T11:17:54,META,-4235,-259,0.3333,12065,255,0
2026-07-02T11:17:54,MSTR,2812,-54,-0.3333,10984,181,0
2026-07-02T11:17:54,ORCL,5137,1234,0.0,44073,515,0
2026-07-02T11:17:54,NFLX,26731,409,0.25,78855,778,0
2026-07-02T11:17:54,AVGO,-3492,-601,-0.5,14888,456,0
2026-07-02T11:17:54,CRWD,-1,-426,-0.6667,4713,130,0
2026-07-02T11:18:54,AAPL,26205,159,0.3333,98005,1435,0
2026-07-02T11:18:54,NVDA,13266,6732,-0.6,158674,1585,0
2026-07-02T11:18:54,TSLA,-31686,-264,-0.3333,95148,1509,0
2026-07-02T11:18:54,MSFT,1519,-291,0.0,36079,627,0
2026-07-02T11:18:54,META,-4418,-183,0.3333,12578,274,0
2026-07-02T11:18:54,MSTR,2730,-82,0.0,12324,207,0
2026-07-02T11:18:54,ORCL,4544,-593,0.0,47348,571,0
2026-07-02T11:18:54,NFLX,28404,1673,-0.5,83624,830,0
2026-07-02T11:18:54,AVGO,-3870,-378,-0.5,16170,481,0
2026-07-02T11:18:54,CRWD,-594,-593,0.0,5552,148,0
2026-07-02T11:19:54,AAPL,28738,2533,0.0,107346,1598,0
2026-07-02T11:19:54,NVDA,15769,2503,0.4286,169393,1687,0
2026-07-02T11:19:54,TSLA,-30530,1156,-0.3333,96836,1548,0
2026-07-02T11:19:54,MSFT,1644,125,0.0,38924,680,0
2026-07-02T11:19:54,META,-4490,-72,0.3333,13052,285,0
2026-07-02T11:19:54,MSTR,2652,-78,-0.3333,12692,222,0
2026-07-02T11:19:54,ORCL,4075,-469,0.0,49909,601,0
2026-07-02T11:19:54,NFLX,29709,1305,0.5385,86351,867,0
2026-07-02T11:19:54,AVGO,-4056,-186,0.0,16768,499,0
2026-07-02T11:19:54,CRWD,-360,234,0.0,5786,157,0
2026-07-02T11:20:54,AAPL,30088,1350,0.2,114444,1711,0
2026-07-02T11:20:54,NVDA,18424,2655,0.2308,179556,1797,0
2026-07-02T11:20:54,TSLA,-31642,-1112,-0.5,100178,1612,0
2026-07-02T11:20:54,MSFT,934,-710,0.0,40740,719,0
2026-07-02T11:20:54,META,-4779,-289,0.0,13413,300,0
2026-07-02T11:20:54,MSTR,2517,-135,0.0,13427,234,0
2026-07-02T11:20:54,ORCL,3799,-276,0.0,51669,626,0
2026-07-02T11:20:54,NFLX,33735,4026,0.2,92029,919,0
2026-07-02T11:20:54,AVGO,-6599,-2543,0.0,19913,569,0
2026-07-02T11:20:54,CRWD,-363,-3,0.0,5809,163,0
2026-07-02T11:21:54,AAPL,30288,200,0.0,116916,1766,0
2026-07-02T11:21:54,NVDA,15890,-2534,-0.4286,190050,1896,0
2026-07-02T11:21:54,TSLA,-34016,-2374,-0.5,102714,1661,0
2026-07-02T11:21:54,MSFT,1304,370,0.9459,42698,768,0
2026-07-02T11:21:54,META,-4744,35,0.6,13708,310,0
2026-07-02T11:21:54,MSTR,2635,118,0.0,14335,253,0
2026-07-02T11:21:54,ORCL,3926,127,0.0,52360,650,0
2026-07-02T11:21:54,NFLX,37277,3542,-0.375,96279,960,0
2026-07-02T11:21:54,AVGO,-6260,339,0.0,21750,618,0
2026-07-02T11:21:54,CRWD,-668,-305,-0.4286,6114,172,0
2026-07-02T11:22:54,AAPL,33282,2994,-0.4,125288,1874,0
2026-07-02T11:22:54,NVDA,14817,-1073,-0.0769,195797,1963,0
2026-07-02T11:22:54,TSLA,-35536,-1520,-0.5,104234,1698,0
2026-07-02T11:22:54,MSFT,-985,-2289,0.0,46903,810,0
2026-07-02T11:22:54,META,-4645,99,0.0,13957,323,0
2026-07-02T11:22:54,MSTR,2945,310,-0.3333,14845,259,0
2026-07-02T11:22:54,ORCL,1942,-1984,0.0,56852,710,0
2026-07-02T11:22:54,NFLX,36680,-597,0.2,102034,1018,0
2026-07-02T11:22:54,AVGO,-6820,-560,0.0,24578,690,0
2026-07-02T11:22:54,CRWD,-332,336,-0.6667,6904,190,0
2026-07-02T11:23:54,AAPL,36136,2854,-0.3333,131812,1954,0
2026-07-02T11:23:54,NVDA,14604,-213,0.25,205112,2064,0
2026-07-02T11:23:54,TSLA,-38231,-2695,-0.5,106931,1752,0
2026-07-02T11:23:54,MSFT,-694,291,0.0,47846,828,0
2026-07-02T11:23:54,META,-4411,234,0.0,14393,337,0
2026-07-02T11:23:54,MSTR,3151,206,-0.3333,15061,264,0
2026-07-02T11:23:54,ORCL,-344,-2286,0.0,59542,743,0
2026-07-02T11:23:54,NFLX,38701,2021,0.0,106587,1075,0
2026-07-02T11:23:54,AVGO,-7009,-189,0.0,25477,724,0
2026-07-02T11:23:54,CRWD,-514,-182,-0.6667,7086,195,0
2026-07-02T11:24:54,AAPL,38918,2782,0.3333,139284,2054,0
2026-07-02T11:24:54,NVDA,16947,2343,0.75,209765,2148,0
2026-07-02T11:24:54,TSLA,-40551,-2320,-0.5,109251,1791,0
2026-07-02T11:24:54,MSFT,-1690,-996,0.0,49062,856,0
2026-07-02T11:24:54,META,-4294,117,0.0,14510,342,0
2026-07-02T11:24:54,MSTR,3626,475,0.0,15812,272,0
2026-07-02T11:24:54,ORCL,-205,139,0.0,60911,765,0
2026-07-02T11:24:54,NFLX,42954,4253,0.5,117822,1176,0
2026-07-02T11:24:54,AVGO,-7305,-296,-0.3333,25917,757,0
2026-07-02T11:24:54,CRWD,-1087,-573,-0.6667,7659,203,0
2026-07-02T11:25:54,AAPL,39702,784,0.0,143194,2127,0
2026-07-02T11:25:54,NVDA,10797,-6150,0.0769,226723,2279,0
2026-07-02T11:25:54,TSLA,-43049,-2498,-0.5,111749,1851,0
2026-07-02T11:25:54,MSFT,-1802,-112,0.0,49592,874,0
2026-07-02T11:25:54,META,-4143,151,0.0,14665,353,0
2026-07-02T11:25:54,MSTR,3739,113,0.0,16657,285,0
2026-07-02T11:25:54,ORCL,-1782,-1577,0.0,64414,795,0
2026-07-02T11:25:54,NFLX,45781,2827,0.7143,122453,1221,0
2026-07-02T11:25:54,AVGO,-7264,41,0.0,26528,781,0
2026-07-02T11:25:54,CRWD,-1325,-238,-0.6667,7977,210,0
2026-07-02T11:26:54,AAPL,29808,-9894,0.0,159632,2259,1
2026-07-02T11:26:54,NVDA,12511,1714,-0.7778,237339,2388,0
2026-07-02T11:26:54,TSLA,-45124,-2075,-0.5,113994,1896,0
2026-07-02T11:26:54,MSFT,-1415,387,0.0,50379,905,0
2026-07-02T11:26:54,META,-4480,-337,0.0,16046,375,0
2026-07-02T11:26:54,MSTR,3537,-202,0.0,17233,298,0
2026-07-02T11:26:54,ORCL,-1974,-192,0.0,65758,815,0
2026-07-02T11:26:54,NFLX,47794,2013,0.7778,124680,1252,0
2026-07-02T11:26:54,AVGO,-8047,-783,-0.5,27505,803,0
2026-07-02T11:26:54,CRWD,-1597,-272,-0.6667,8249,216,0
2026-07-02T11:27:54,AAPL,33496,3688,0.0,165266,2346,0
2026-07-02T11:27:54,NVDA,12789,278,0.0,249117,2527,0
2026-07-02T11:27:54,TSLA,-47428,-2304,-0.5,116676,1956,0
2026-07-02T11:27:54,MSFT,-832,583,0.0,52382,949,0
2026-07-02T11:27:54,META,-4471,9,-0.3333,16293,383,0
2026-07-02T11:27:54,MSTR,3045,-492,-0.3333,18171,319,0
2026-07-02T11:27:54,ORCL,-2905,-931,0.0,67361,831,0
2026-07-02T11:27:54,NFLX,49247,1453,0.5,127819,1280,0
2026-07-02T11:27:54,AVGO,-7700,347,0.0,29010,840,0
2026-07-02T11:27:54,CRWD,-1749,-152,-0.6667,8401,221,0
2026-07-02T11:28:54,AAPL,32978,-518,0.5,169308,2421,0
2026-07-02T11:28:54,NVDA,8605,-4184,0.5556,264793,2632,0
2026-07-02T11:28:54,TSLA,-48941,-1513,0.0,119155,2013,0
2026-07-02T11:28:54,MSFT,-896,-64,0.0,52978,970,0
2026-07-02T11:28:54,META,-4933,-462,0.0,16757,404,0
2026-07-02T11:28:54,MSTR,3387,342,-0.3333,19617,339,0
2026-07-02T11:28:54,ORCL,-5171,-2266,0.0,71195,879,0
2026-07-02T11:28:54,NFLX,49144,-103,-0.2,132956,1335,0
2026-07-02T11:28:54,AVGO,-8898,-1198,-0.5,30708,891,0
2026-07-02T11:28:54,CRWD,-2508,-759,-0.6667,9160,242,0
2026-07-02T11:29:54,AAPL,30956,-2022,0.0,175370,2518,0
2026-07-02T11:29:54,NVDA,5210,-3395,-0.5556,294728,2871,0
2026-07-02T11:29:54,TSLA,-50878,-1937,-0.5,122402,2078,0
2026-07-02T11:29:54,MSFT,-1041,-145,0.0,53527,993,0
2026-07-02T11:29:54,META,-5209,-276,0.3333,17821,434,0
2026-07-02T11:29:54,MSTR,3196,-191,-0.3333,20438,358,0
2026-07-02T11:29:54,ORCL,-6411,-1240,0.0,72775,916,0
2026-07-02T11:29:54,NFLX,50031,887,-0.3333,137335,1382,0
2026-07-02T11:29:54,AVGO,-10760,-1862,-0.5,32718,954,0
2026-07-02T11:29:54,CRWD,-2924,-416,-0.6667,9638,254,0
2026-07-02T11:30:54,AAPL,30168,-788,0.3333,180828,2609,0
2026-07-02T11:30:54,NVDA,9969,4759,-0.7778,306133,3004,0
2026-07-02T11:30:54,TSLA,-51435,-557,-0.5,123745,2115,0
2026-07-02T11:30:54,MSFT,-421,620,0.0,54353,1031,0
2026-07-02T11:30:54,META,-5325,-116,0.6,18145,442,0
2026-07-02T11:30:54,MSTR,2389,-807,-0.3333,22133,386,0
2026-07-02T11:30:54,ORCL,-7118,-707,0.3333,73484,939,0
2026-07-02T11:30:54,NFLX,50624,593,-0.2381,138870,1400,0
2026-07-02T11:30:54,AVGO,-13647,-2887,0.0,37145,1025,0
2026-07-02T11:30:54,CRWD,-3101,-177,-0.6667,10075,269,0
2026-07-02T11:31:54,AAPL,29604,-564,0.0,187964,2735,0
2026-07-02T11:31:54,NVDA,11838,1869,0.0667,317648,3088,0
2026-07-02T11:31:54,TSLA,-53132,-1697,0.3333,127888,2201,0
2026-07-02T11:31:54,MSFT,333,754,0.0,55689,1073,0
2026-07-02T11:31:54,META,-4845,480,0.3333,18649,462,0
2026-07-02T11:31:54,MSTR,1682,-707,-0.3333,23582,404,0
2026-07-02T11:31:54,ORCL,-10387,-3269,0.0,78329,1017,0
2026-07-02T11:31:54,NFLX,54396,3772,0.8,146264,1459,0
2026-07-02T11:31:54,AVGO,-14014,-367,0.0,40058,1092,0
2026-07-02T11:31:54,CRWD,-3185,-84,-0.6667,10159,273,0
2026-07-02T11:32:54,AAPL,32295,2691,0.3333,192797,2814,0
2026-07-02T11:32:54,NVDA,12468,630,-0.7143,326226,3155,0
2026-07-02T11:32:54,TSLA,-52414,718,-0.5,131412,2288,0
2026-07-02T11:32:54,MSFT,-4785,-5118,0.0,61895,1142,0
2026-07-02T11:32:54,META,-3843,1002,0.6,19883,486,0
2026-07-02T11:32:54,MSTR,1208,-474,0.0,26010,430,0
2026-07-02T11:32:54,ORCL,-14973,-4586,0.0,82915,1062,0
2026-07-02T11:32:54,NFLX,56923,2527,0.0,152909,1522,0
2026-07-02T11:32:54,AVGO,-12652,1362,0.0,42778,1157,0
2026-07-02T11:32:54,CRWD,-3502,-317,-0.6667,10476,283,0
2026-07-02T11:33:54,AAPL,36848,4553,0.0,199916,2898,0
2026-07-02T11:33:54,NVDA,14776,2308,0.7143,334500,3232,0
2026-07-02T11:33:54,TSLA,-54438,-2024,-0.5,133436,2356,0
2026-07-02T11:33:54,MSFT,-6102,-1317,0.0,63310,1182,0
2026-07-02T11:33:54,META,-3386,457,0.0,20340,494,0
2026-07-02T11:33:54,MSTR,2054,846,-0.3333,26856,447,0
2026-07-02T11:33:54,ORCL,-16617,-1644,0.0,84559,1099,0
2026-07-02T11:33:54,NFLX,60539,3616,0.7778,157353,1577,0
2026-07-02T11:33:54,AVGO,-13208,-556,-0.3333,44120,1199,0
2026-07-02T11:33:54,CRWD,-3678,-176,-0.6667,10652,290,0
2026-07-02T11:34:54,AAPL,34377,-2471,0.0,209191,3025,0
2026-07-02T11:34:54,NVDA,12889,-1887,-0.1429,346821,3324,0
2026-07-02T11:34:54,TSLA,-55365,-927,0.0,136977,2417,0
2026-07-02T11:34:54,MSFT,-4062,2040,0.0,66208,1228,0
2026-07-02T11:34:54,META,-4013,-627,0.3333,20991,512,0
2026-07-02T11:34:54,MSTR,2202,148,0.0,27410,461,0
2026-07-02T11:34:54,ORCL,-18438,-1821,0.0,86380,1125,0
2026-07-02T11:34:54,NFLX,59844,-695,0.25,162458,1620,0
2026-07-02T11:34:54,AVGO,-12343,865,-0.3333,46043,1253,0
2026-07-02T11:34:54,CRWD,-3943,-265,-0.6667,10917,301,0
2026-07-02T11:35:54,AAPL,32225,-2152,0.3333,214729,3124,0
2026-07-02T11:35:54,NVDA,16794,3905,0.7143,357788,3432,0
2026-07-02T11:35:54,TSLA,-55984,-619,0.0,138168,2455,0
2026-07-02T11:35:54,MSFT,-5968,-1906,0.0,70856,1297,0
2026-07-02T11:35:54,META,-4266,-253,0.6,21518,533,0
2026-07-02T11:35:54,MSTR,2318,116,-0.3333,29440,495,0
2026-07-02T11:35:54,ORCL,-19401,-963,0.0,88083,1145,0
2026-07-02T11:35:54,NFLX,63629,3785,0.1429,172337,1709,0
2026-07-02T11:35:54,AVGO,-12430,-87,0.0,47256,1299,0
2026-07-02T11:35:54,CRWD,-4136,-193,-0.6667,11110,307,0
2026-07-02T11:36:54,AAPL,33426,1201,0.0,217608,3188,0
2026-07-02T11:36:54,NVDA,19096,2302,-0.2727,363832,3512,0
2026-07-02T11:36:54,TSLA,-56767,-783,-0.5,140361,2507,0
2026-07-02T11:36:54,MSFT,-2561,3407,0.0,75391,1344,0
2026-07-02T11:36:54,META,-4525,-259,-0.3333,21779,547,0
2026-07-02T11:36:54,MSTR,2974,656,-0.3333,30506,531,0
2026-07-02T11:36:54,ORCL,-19104,297,0.0,90942,1166,0
2026-07-02T11:36:54,NFLX,66035,2406,-0.25,176545,1757,0
2026-07-02T11:36:54,AVGO,-12393,37,0.0,48109,1326,0
2026-07-02T11:36:54,CRWD,-5107,-971,-0.6667,12081,326,0
2026-07-02T11:37:54,AAPL,33308,-118,0.0,218986,3223,0
2026-07-02T11:37:54,NVDA,20786,1690,0.0,369292,3566,0
2026-07-02T11:37:54,TSLA,-57079,-312,-0.5,142027,2555,0
2026-07-02T11:37:54,MSFT,-636,1925,0.0,78070,1378,0
2026-07-02T11:37:54,META,-5238,-713,0.3333,22492,570,0
2026-07-02T11:37:54,MSTR,3831,857,0.0,32607,567,0
2026-07-02T11:37:54,ORCL,-21645,-2541,0.0,93891,1179,0
2026-07-02T11:37:54,NFLX,64965,-1070,0.2727,178779,1788,0
2026-07-02T11:37:54,AVGO,-11932,461,0.0,49498,1364,0
2026-07-02T11:37:54,CRWD,-6703,-1596,-0.6667,14353,374,0
2026-07-02T11:38:54,AAPL,33742,434,-0.3333,221468,3270,0
2026-07-02T11:38:54,NVDA,25029,4243,0.4286,383985,3676,0
2026-07-02T11:38:54,TSLA,-57913,-834,-0.5,143557,2595,0
2026-07-02T11:38:54,MSFT,-1084,-448,0.0,78778,1404,0
2026-07-02T11:38:54,META,-5576,-338,0.6,22830,583,0
2026-07-02T11:38:54,MSTR,4346,515,-0.3333,33306,585,0
2026-07-02T11:38:54,ORCL,-21930,-285,0.0,94944,1203,0
2026-07-02T11:38:54,NFLX,65324,359,0.3333,183174,1834,0
2026-07-02T11:38:54,AVGO,-12517,-585,0.0,50567,1395,0
2026-07-02T11:38:54,CRWD,-6817,-114,-0.6667,14733,385,0
2026-07-02T11:39:54,AAPL,34603,861,0.0,224465,3330,0
2026-07-02T11:39:54,NVDA,27947,2918,0.1429,389981,3754,0
2026-07-02T11:39:54,TSLA,-58828,-915,0.0,145250,2646,0
2026-07-02T11:39:54,MSFT,-411,673,-0.3333,80819,1442,0
2026-07-02T11:39:54,META,-5375,201,0.0,23543,607,0
2026-07-02T11:39:54,MSTR,4561,215,-0.3333,33969,602,0
2026-07-02T11:39:54,ORCL,-22528,-598,0.0,95760,1218,0
2026-07-02T11:39:54,NFLX,65287,-37,0.7143,186219,1871,0
2026-07-02T11:39:54,AVGO,-11414,1103,0.0,53000,1450,0
2026-07-02T11:39:54,CRWD,-6998,-181,-0.25,15396,410,0
2026-07-02T11:40:54,AAPL,34597,-6,-0.2,227243,3387,0
2026-07-02T11:40:54,NVDA,27787,-160,0.25,397887,3832,0
2026-07-02T11:40:54,TSLA,-60198,-1370,-0.5,146784,2687,0
2026-07-02T11:40:54,MSFT,-2144,-1733,0.0,84660,1501,0
2026-07-02T11:40:54,META,-6058,-683,0.3333,24406,631,0
2026-07-02T11:40:54,MSTR,4620,59,0.0,34750,617,0
2026-07-02T11:40:54,ORCL,-22227,301,0.0,96883,1234,0
2026-07-02T11:40:54,NFLX,65962,675,0.0,192058,1921,0
2026-07-02T11:40:54,AVGO,-12161,-747,0.0,54343,1487,0
2026-07-02T11:40:54,CRWD,-7153,-155,-0.6667,15789,426,0
2026-07-02T11:41:54,AAPL,34276,-321,-0.3333,230122,3456,0
2026-07-02T11:41:54,NVDA,30293,2506,-0.6923,406071,3889,0
2026-07-02T11:41:54,TSLA,-60817,-619,-0.3333,148215,2720,0
2026-07-02T11:41:54,MSFT,-2077,67,0.3333,85763,1527,0
2026-07-02T11:41:54,META,-6486,-428,-0.3333,24834,641,0
2026-07-02T11:41:54,MSTR,5270,650,-0.3333,36470,635,0
2026-07-02T11:41:54,ORCL,-22442,-215,0.0,97962,1250,0
2026-07-02T11:41:54,NFLX,68458,2496,0.1667,196356,1969,0
2026-07-02T11:41:54,AVGO,-11359,802,0.0,57187,1544,0
2026-07-02T11:41:54,CRWD,-7689,-536,-0.6667,16417,448,0
2026-07-02T11:42:55,AAPL,36582,2306,0.5,236212,3586,0
2026-07-02T11:42:55,NVDA,23540,-6753,-0.3333,419144,3973,0
2026-07-02T11:42:55,TSLA,-61759,-942,-0.5,149437,2750,0
2026-07-02T11:42:55,MSFT,-1061,1016,-0.3333,86947,1557,0
2026-07-02T11:42:55,META,-7730,-1244,0.3333,26078,670,0
2026-07-02T11:42:55,MSTR,5805,535,-0.3333,37205,646,0
2026-07-02T11:42:55,ORCL,-22844,-402,0.0,99390,1281,0
2026-07-02T11:42:55,NFLX,74087,5629,-0.3333,205133,2049,0
2026-07-02T11:42:55,AVGO,-11734,-375,0.0,58596,1582,0
2026-07-02T11:42:55,CRWD,-8284,-595,-0.6667,17092,471,0
2026-07-02T11:43:55,AAPL,36453,-129,-0.3333,239673,3674,0
2026-07-02T11:43:55,NVDA,26417,2877,0.3333,431145,4069,0
2026-07-02T11:43:55,TSLA,-62395,-636,-0.5,150719,2781,0
2026-07-02T11:43:55,MSFT,-214,847,0.0,87898,1578,0
2026-07-02T11:43:55,META,-7976,-246,0.3333,26324,681,0
2026-07-02T11:43:55,MSTR,5752,-53,0.0,37756,658,0
2026-07-02T11:43:55,ORCL,-22860,-16,0.0,101192,1312,0
2026-07-02T11:43:55,NFLX,76383,2296,0.0,211139,2112,0
2026-07-02T11:43:55,AVGO,-12153,-419,0.0,59259,1604,0
2026-07-02T11:43:55,CRWD,-8688,-404,-0.25,17496,482,0
2026-07-02T11:44:55,AAPL,38542,2089,-0.3333,245108,3781,0
2026-07-02T11:44:55,NVDA,26233,-184,0.0,435753,4118,0
2026-07-02T11:44:55,TSLA,-63757,-1362,-0.5,152081,2812,0
2026-07-02T11:44:55,MSFT,301,515,-0.5,89603,1628,0
2026-07-02T11:44:55,META,-8763,-787,0.3333,27119,704,0
2026-07-02T11:44:55,MSTR,6174,422,-0.3333,38178,669,0
2026-07-02T11:44:55,ORCL,-22109,751,0.0,104407,1351,0
2026-07-02T11:44:55,NFLX,77590,1207,0.8462,216414,2165,0
2026-07-02T11:44:55,AVGO,-11783,370,0.0,60081,1631,0
2026-07-02T11:44:55,CRWD,-9173,-485,-0.25,17981,499,0
2026-07-02T11:45:55,AAPL,42689,4147,0.5,250977,3891,0
2026-07-02T11:45:55,NVDA,29189,2956,0.6667,447965,4208,0
2026-07-02T11:45:55,TSLA,-62531,1226,0.0,154021,2862,0
2026-07-02T11:45:55,MSFT,876,575,0.0,91024,1663,0
2026-07-02T11:45:55,META,-8576,187,0.6,27854,729,0
2026-07-02T11:45:55,MSTR,7473,1299,-0.3333,40585,707,0
2026-07-02T11:45:55,ORCL,-21181,928,0.0,105753,1369,0
2026-07-02T11:45:55,NFLX,83350,5760,-0.1111,225356,2261,0
2026-07-02T11:45:55,AVGO,-11808,-25,0.0,60452,1646,0
2026-07-02T11:45:55,CRWD,-9179,-6,-0.25,18741,524,0
2026-07-02T11:46:55,AAPL,42054,-635,0.3333,253860,3949,0
2026-07-02T11:46:55,NVDA,31530,2341,-0.0769,471528,4363,0
2026-07-02T11:46:55,TSLA,-61275,1256,0.5714,155621,2901,0
2026-07-02T11:46:55,MSFT,1140,264,0.0,91778,1690,0
2026-07-02T11:46:55,META,-8294,282,0.0,29336,754,0
2026-07-02T11:46:55,MSTR,7403,-70,-0.3333,41275,717,0
2026-07-02T11:46:55,ORCL,-22334,-1153,0.0,107514,1387,0
2026-07-02T11:46:55,NFLX,85624,2274,0.2,231596,2316,0
2026-07-02T11:46:55,AVGO,-11185,623,-0.3333,61809,1679,0
2026-07-02T11:46:55,CRWD,-9312,-133,-0.6667,18874,529,0
2026-07-02T11:47:55,AAPL,41598,-456,0.3333,257378,4031,0
2026-07-02T11:47:55,NVDA,34662,3132,0.6,479452,4452,0
2026-07-02T11:47:55,TSLA,-62434,-1159,0.5714,156780,2931,0
2026-07-02T11:47:55,MSFT,1246,106,0.0,93306,1747,0
2026-07-02T11:47:55,META,-8218,76,0.3333,30278,780,0
2026-07-02T11:47:55,MSTR,7924,521,-0.3333,41996,729,0
2026-07-02T11:47:55,ORCL,-22820,-486,0.0,109582,1417,0
2026-07-02T11:47:55,NFLX,84490,-1134,-0.6,236250,2360,0
2026-07-02T11:47:55,AVGO,-12599,-1414,0.0,63837,1722,0
2026-07-02T11:47:55,CRWD,-9552,-240,-0.25,19254,549,0
2026-07-02T11:48:55,AAPL,42907,1309,0.3333,259807,4106,0
2026-07-02T11:48:55,NVDA,34612,-50,-0.6,484194,4497,0
2026-07-02T11:48:55,TSLA,-63093,-659,-0.5,157523,2954,0
2026-07-02T11:48:55,MSFT,1234,-12,0.0,93668,1772,0
2026-07-02T11:48:55,META,-9883,-1665,0.3333,31993,824,0
2026-07-02T11:48:55,MSTR,7754,-170,-0.3333,42900,742,0
2026-07-02T11:48:55,ORCL,-23919,-1099,0.0,111689,1441,0
2026-07-02T11:48:55,NFLX,86235,1745,0.3333,249253,2454,0
2026-07-02T11:48:55,AVGO,-13106,-507,0.3333,64514,1743,0
2026-07-02T11:48:55,CRWD,-9546,6,-0.25,19260,550,0
2026-07-02T11:49:55,AAPL,44028,1121,0.3333,263120,4193,0
2026-07-02T11:49:55,NVDA,35812,1200,0.5556,488222,4560,0
2026-07-02T11:49:55,TSLA,-63514,-421,-0.2,158366,2987,0
2026-07-02T11:49:55,MSFT,841,-393,0.0,94341,1794,0
2026-07-02T11:49:55,META,-10051,-168,0.3333,32693,848,0
2026-07-02T11:49:55,MSTR,8495,741,0.0,44707,772,0
2026-07-02T11:49:55,ORCL,-24383,-464,0.0,112475,1453,0
2026-07-02T11:49:55,NFLX,87700,1465,0.0,251322,2477,0
2026-07-02T11:49:55,AVGO,-13097,9,0.0,65053,1764,0
2026-07-02T11:49:55,CRWD,-9950,-404,-0.6667,19664,562,0
2026-07-02T11:50:55,AAPL,43563,-465,-0.5,269233,4319,0
2026-07-02T11:50:55,NVDA,35948,136,-0.0909,491022,4599,0
2026-07-02T11:50:55,TSLA,-63980,-466,0.0,159192,3022,0
2026-07-02T11:50:55,MSFT,1233,392,-0.9231,95031,1826,0
2026-07-02T11:50:55,META,-9752,299,0.6,33864,880,0
2026-07-02T11:50:55,MSTR,8930,435,0.0,45768,792,0
2026-07-02T11:50:55,ORCL,-23960,423,0.0,113066,1464,0
2026-07-02T11:50:55,NFLX,89182,1482,-0.3333,254806,2514,0
2026-07-02T11:50:55,AVGO,-14072,-975,0.0,66674,1806,0
2026-07-02T11:50:55,CRWD,-10178,-228,-0.4286,19892,576,0
2026-07-02T11:51:55,AAPL,48172,4609,0.2,277892,4445,0
2026-07-02T11:51:55,NVDA,36104,156,-0.1667,498338,4685,0
2026-07-02T11:51:55,TSLA,-65010,-1030,0.5714,160324,3052,0
2026-07-02T11:51:55,MSFT,1074,-159,0.0,96038,1855,0
2026-07-02T11:51:55,META,-9932,-180,-0.3333,34504,899,0
2026-07-02T11:51:55,MSTR,9140,210,-0.3333,46136,799,0
2026-07-02T11:51:55,ORCL,-28202,-4242,0.0,117824,1492,0
2026-07-02T11:51:55,NFLX,88937,-245,0.0,261193,2584,0
2026-07-02T11:51:55,AVGO,-14271,-199,0.0,69125,1879,0
2026-07-02T11:51:55,CRWD,-10478,-300,-0.6667,20290,593,0
2026-07-02T11:52:55,AAPL,47671,-501,0.0,283731,4566,0
2026-07-02T11:52:55,NVDA,37676,1572,-0.1429,510122,4785,0
2026-07-02T11:52:55,TSLA,-65707,-697,0.5714,162217,3099,0
2026-07-02T11:52:55,MSFT,3292,2218,0.0,98758,1915,0
2026-07-02T11:52:55,META,-11133,-1201,0.3333,35795,936,0
2026-07-02T11:52:55,MSTR,9459,319,-0.3333,46491,815,0
2026-07-02T11:52:55,ORCL,-28395,-193,0.0,118615,1507,0
2026-07-02T11:52:55,NFLX,91712,2775,-0.2857,268064,2667,0
2026-07-02T11:52:55,AVGO,-13481,790,0.0,71381,1940,0
2026-07-02T11:52:55,CRWD,-10547,-69,-0.6667,20359,600,0
2026-07-02T11:53:55,AAPL,47058,-613,0.6,290404,4675,0
2026-07-02T11:53:55,NVDA,37434,-242,-0.0909,515132,4836,0
2026-07-02T11:53:55,TSLA,-66856,-1149,0.5714,163604,3139,0
2026-07-02T11:53:55,MSFT,1126,-2166,0.0,100938,1944,0
2026-07-02T11:53:55,META,-11318,-185,-0.5,36474,955,0
2026-07-02T11:53:55,MSTR,9158,-301,0.2,48674,859,0
2026-07-02T11:53:55,ORCL,-29599,-1204,0.0,122099,1543,0
2026-07-02T11:53:55,NFLX,98438,6726,0.2,282578,2784,0
2026-07-02T11:53:55,AVGO,-12833,648,0.3333,72657,1969,0
2026-07-02T11:53:55,CRWD,-10895,-348,-0.6667,20707,620,0
2026-07-02T11:54:55,AAPL,53393,6335,0.6667,303023,4847,0
2026-07-02T11:54:55,NVDA,36333,-1101,0.0769,519743,4881,0
2026-07-02T11:54:55,TSLA,-68176,-1320,0.5714,165412,3184,0
2026-07-02T11:54:55,MSFT,194,-932,0.0,102168,1977,0
2026-07-02T11:54:55,META,-14538,-3220,0.5,40202,1030,0
2026-07-02T11:54:55,MSTR,8420,-738,0.0,50176,880,0
2026-07-02T11:54:55,ORCL,-28752,847,0.0,123186,1560,0
2026-07-02T11:54:55,NFLX,93204,-5234,-0.5714,294646,2860,0
2026-07-02T11:54:55,AVGO,-12469,364,0.0,73101,1990,0
2026-07-02T11:54:55,CRWD,-11123,-228,-0.6667,20935,629,0
2026-07-02T11:55:55,AAPL,54482,1089,-0.6,311492,4996,0
2026-07-02T11:55:55,NVDA,35283,-1050,0.7143,526695,4948,0
2026-07-02T11:55:55,TSLA,-70421,-2245,-0.5,168097,3230,0
2026-07-02T11:55:55,MSFT,295,101,0.0,103717,2004,0
2026-07-02T11:55:55,META,-20866,-6328,0.2,47046,1192,0
2026-07-02T11:55:55,MSTR,8610,190,-0.3333,51544,900,0
2026-07-02T11:55:55,ORCL,-30561,-1809,0.0,125931,1587,0
2026-07-02T11:55:55,NFLX,96809,3605,0.25,303335,2940,0
2026-07-02T11:55:55,AVGO,-11277,1192,0.0,74573,2034,0
2026-07-02T11:55:55,CRWD,-11288,-165,-0.6667,21100,634,0
2026-07-02T11:56:55,AAPL,54655,173,-0.5,324279,5179,0
2026-07-02T11:56:55,NVDA,29537,-5746,0.0769,539405,5049,0
2026-07-02T11:56:55,TSLA,-73170,-2749,0.8333,171248,3298,0
2026-07-02T11:56:55,MSFT,239,-56,-0.3333,105135,2036,0
2026-07-02T11:56:55,META,-23254,-2388,0.0,49714,1258,0
2026-07-02T11:56:55,MSTR,8526,-84,-0.3333,52416,917,0
2026-07-02T11:56:55,ORCL,-31206,-645,0.3333,128402,1613,0
2026-07-02T11:56:55,NFLX,100683,3874,-0.4545,311865,3029,0
2026-07-02T11:56:55,AVGO,-10825,452,0.0,75315,2067,0
2026-07-02T11:56:55,CRWD,-11751,-463,-0.4286,21563,646,0
2026-07-02T11:57:55,AAPL,58098,3443,-0.5,332564,5337,0
2026-07-02T11:57:55,NVDA,31285,1748,0.0,542295,5100,0
2026-07-02T11:57:55,TSLA,-74180,-1010,-0.5,172952,3339,0
2026-07-02T11:57:55,MSFT,1760,1521,0.0,108174,2091,0
2026-07-02T11:57:55,META,-25666,-2412,-0.3333,53136,1347,0
2026-07-02T11:57:55,MSTR,8508,-18,-0.3333,52834,923,0
2026-07-02T11:57:55,ORCL,-31558,-352,0.0,130102,1639,0
2026-07-02T11:57:55,NFLX,100159,-524,-0.6364,322333,3105,0
2026-07-02T11:57:55,AVGO,-9675,1150,0.0,77081,2138,0
2026-07-02T11:57:55,CRWD,-12146,-395,-0.4286,21958,661,0
2026-07-02T11:58:55,AAPL,59301,1203,-0.3333,337739,5458,0
2026-07-02T11:58:55,NVDA,31753,468,-0.75,549981,5175,0
2026-07-02T11:58:55,TSLA,-75338,-1158,0.5714,174258,3374,0
2026-07-02T11:58:55,MSFT,2058,298,0.0,109440,2129,0
2026-07-02T11:58:55,META,-25674,-8,-0.3333,54364,1372,0
2026-07-02T11:58:55,MSTR,8822,314,-0.3333,53548,936,0
2026-07-02T11:58:55,ORCL,-31952,-394,0.0,131476,1661,0
2026-07-02T11:58:55,NFLX,102198,2039,-0.25,342798,3276,0
2026-07-02T11:58:55,AVGO,-9323,352,0.0,78557,2185,0
2026-07-02T11:58:55,CRWD,-12553,-407,0.3333,22371,678,0
2026-07-02T11:59:55,AAPL,60670,1369,-0.4286,341534,5537,0
2026-07-02T11:59:55,NVDA,32116,363,-0.0909,557438,5273,0
2026-07-02T11:59:55,TSLA,-75495,-157,0.5714,175585,3400,0
2026-07-02T11:59:55,MSFT,1658,-400,-0.3333,112314,2200,0
2026-07-02T11:59:55,META,-27019,-1345,-0.3333,55717,1408,0
2026-07-02T11:59:55,MSTR,9165,343,-0.3333,54305,954,0
2026-07-02T11:59:55,ORCL,-36486,-4534,0.0,138666,1720,0
2026-07-02T11:59:55,NFLX,109466,7268,-0.6,360758,3450,0
2026-07-02T11:59:55,AVGO,-8820,503,0.0,79144,2211,0
2026-07-02T11:59:55,CRWD,-12990,-437,0.3333,23412,709,0
2026-07-02T12:00:55,AAPL,63517,2847,-0.5,349039,5674,0
2026-07-02T12:00:55,NVDA,31251,-865,-0.2727,567215,5359,0
2026-07-02T12:00:55,TSLA,-74884,611,0.8333,179284,3462,0
2026-07-02T12:00:55,MSFT,3565,1907,0.0,115023,2245,0
2026-07-02T12:00:55,META,-28577,-1558,0.3333,57553,1445,0
2026-07-02T12:00:55,MSTR,9812,647,-0.3333,55092,967,0
2026-07-02T12:00:55,ORCL,-37914,-1428,0.0,140396,1761,0
2026-07-02T12:00:55,NFLX,112474,3008,0.4286,371102,3551,0
2026-07-02T12:00:55,AVGO,-8515,305,0.0,79955,2232,0
2026-07-02T12:00:55,CRWD,-14426,-1436,-0.4286,24874,746,0
2026-07-02T12:01:55,AAPL,67260,3743,0.3333,353992,5754,0
2026-07-02T12:01:55,NVDA,35518,4267,0.0,574482,5465,0
2026-07-02T12:01:55,TSLA,-76214,-1330,-0.5,181460,3504,0
2026-07-02T12:01:55,MSFT,4761,1196,0.5,117773,2301,0
2026-07-02T12:01:55,META,-29228,-651,0.0,58864,1479,0
2026-07-02T12:01:55,MSTR,10817,1005,0.0,56837,996,0
2026-07-02T12:01:55,ORCL,-39137,-1223,0.0,143085,1810,0
2026-07-02T12:01:55,NFLX,115207,2733,-0.6667,375751,3601,0
2026-07-02T12:01:55,AVGO,-8951,-436,0.0,81167,2269,0
2026-07-02T12:01:55,CRWD,-15549,-1123,-0.6667,26455,792,0
2026-07-02T12:02:55,AAPL,65753,-1507,-0.3333,360519,5831,0
2026-07-02T12:02:55,NVDA,36145,627,0.0,580613,5537,0
2026-07-02T12:02:55,TSLA,-78421,-2207,0.5714,183947,3559,0
2026-07-02T12:02:55,MSFT,5179,418,0.0,120447,2363,0
2026-07-02T12:02:55,META,-28025,1203,0.0,60287,1512,0
2026-07-02T12:02:55,MSTR,11184,367,-0.3333,57404,1009,0
2026-07-02T12:02:55,ORCL,-41300,-2163,0.0,145258,1835,0
2026-07-02T12:02:55,NFLX,117948,2741,-0.2,380384,3653,0
2026-07-02T12:02:55,AVGO,-8408,543,0.0,82998,2302,0
2026-07-02T12:02:55,CRWD,-15616,-67,0.0,26522,798,0
2026-07-02T12:03:55,AAPL,65813,60,-0.3333,364113,5896,0
2026-07-02T12:03:55,NVDA,35932,-213,0.0,584698,5596,0
2026-07-02T12:03:55,TSLA,-77842,579,0.5714,185614,3597,0
2026-07-02T12:03:55,MSFT,6319,1140,0.0,123173,2432,0
2026-07-02T12:03:55,META,-28742,-717,-0.3333,61116,1532,0
2026-07-02T12:03:55,MSTR,11970,786,-0.3333,58250,1038,0
2026-07-02T12:03:55,ORCL,-44657,-3357,0.0,148615,1867,0
2026-07-02T12:03:55,NFLX,118170,222,0.3846,388664,3730,0
2026-07-02T12:03:55,AVGO,-8502,-94,0.0,83948,2338,0
2026-07-02T12:03:55,CRWD,-15530,86,0.0,26980,816,0
2026-07-02T12:04:55,AAPL,67268,1455,0.3333,369458,6011,0
2026-07-02T12:04:55,NVDA,36369,437,-0.6,597625,5708,0
2026-07-02T12:04:55,TSLA,-79615,-1773,-0.5,188021,3657,0
2026-07-02T12:04:55,MSFT,5793,-526,0.0,125375,2489,0
2026-07-02T12:04:55,META,-30011,-1269,0.3333,62465,1573,0
2026-07-02T12:04:55,MSTR,12043,73,0.0,58955,1056,0
2026-07-02T12:04:55,ORCL,-46596,-1939,0.0,150602,1897,0
2026-07-02T12:04:55,NFLX,125709,7539,0.5,406431,3880,0
2026-07-02T12:04:55,AVGO,-6959,1543,0.0,86319,2404,0
2026-07-02T12:04:55,CRWD,-16006,-476,-0.6667,27560,854,0
2026-07-02T12:05:55,AAPL,66349,-919,0.5,373007,6108,0
2026-07-02T12:05:55,NVDA,32488,-3881,-0.7143,616210,5865,0
2026-07-02T12:05:55,TSLA,-80930,-1315,0.5714,189570,3698,0
2026-07-02T12:05:55,MSFT,4990,-803,0.0,127826,2544,0
2026-07-02T12:05:55,META,-29836,175,0.5,63114,1597,0
2026-07-02T12:05:55,MSTR,12561,518,-0.5,59765,1079,0
2026-07-02T12:05:55,ORCL,-49444,-2848,0.0,153998,1927,0
2026-07-02T12:05:55,NFLX,126412,703,-0.7143,410654,3926,0
2026-07-02T12:05:55,AVGO,-7943,-984,0.0,87729,2447,0
2026-07-02T12:05:55,CRWD,-18211,-2205,0.0,29765,887,0
2026-07-02T12:06:55,AAPL,67763,1414,-0.3333,378175,6227,0
2026-07-02T12:06:55,NVDA,36486,3998,0.0,630472,6025,0
2026-07-02T12:06:55,TSLA,-82368,-1438,0.5714,191402,3743,0
2026-07-02T12:06:55,MSFT,8463,3473,0.0,132387,2598,0
2026-07-02T12:06:55,META,-31462,-1626,0.0,65756,1648,0
2026-07-02T12:06:55,MSTR,12902,341,0.0,60334,1093,0
2026-07-02T12:06:55,ORCL,-51669,-2225,0.0,156443,1962,0
2026-07-02T12:06:55,NFLX,129041,2629,0.0,418803,4025,0
2026-07-02T12:06:55,AVGO,-8284,-341,0.0,89178,2491,0
2026-07-02T12:06:55,CRWD,-17866,345,-0.6667,30972,911,0
2026-07-02T12:07:55,AAPL,68704,941,0.0,381764,6301,0
2026-07-02T12:07:55,NVDA,38704,2218,0.5556,642306,6152,0
2026-07-02T12:07:55,TSLA,-84643,-2275,-0.5,193867,3810,0
2026-07-02T12:07:55,MSFT,9608,1145,0.0,133750,2636,0
2026-07-02T12:07:55,META,-34949,-3487,-0.3333,69345,1728,0
2026-07-02T12:07:55,MSTR,13211,309,0.0,60643,1102,0
2026-07-02T12:07:55,ORCL,-52568,-899,-0.6667,157796,1987,0
2026-07-02T12:07:55,NFLX,130871,1830,-0.5714,427433,4120,0
2026-07-02T12:07:55,AVGO,-7458,826,0.0,91130,2555,0
2026-07-02T12:07:55,CRWD,-18107,-241,-0.6667,31243,928,0
2026-07-02T12:08:55,AAPL,69527,823,-0.1429,384705,6374,0
2026-07-02T12:08:55,NVDA,41045,2341,0.0588,649337,6240,0
2026-07-02T12:08:55,TSLA,-85936,-1293,0.5714,195438,3851,0
2026-07-02T12:08:55,MSFT,10844,1236,0.0,136116,2688,0
2026-07-02T12:08:55,META,-35801,-852,-0.3333,70197,1747,0
2026-07-02T12:08:55,MSTR,13626,415,-0.3333,61508,1117,0
2026-07-02T12:08:55,ORCL,-54376,-1808,0.0,164776,2021,0
2026-07-02T12:08:55,NFLX,132322,1451,0.1429,432846,4206,0
2026-07-02T12:08:55,AVGO,-6945,513,0.0,92553,2600,0
2026-07-02T12:08:55,CRWD,-18398,-291,-0.6667,31534,938,0
2026-07-02T12:09:55,AAPL,68072,-1455,0.0,388568,6442,0
2026-07-02T12:09:55,NVDA,41213,168,-0.2308,658501,6373,0
2026-07-02T12:09:55,TSLA,-87324,-1388,0.0,197530,3902,0
2026-07-02T12:09:55,MSFT,14818,3974,-0.3333,143818,2812,0
2026-07-02T12:09:55,META,-35897,-96,0.0,70933,1768,0
2026-07-02T12:09:55,MSTR,14035,409,0.0,61919,1123,0
2026-07-02T12:09:55,ORCL,-54591,-215,0.0,165977,2041,0
2026-07-02T12:09:55,NFLX,133830,1508,-0.5,437550,4266,0
2026-07-02T12:09:55,AVGO,-4286,2659,0.0,95862,2669,0
2026-07-02T12:09:55,CRWD,-18781,-383,-0.6667,31917,959,0
2026-07-02T12:10:55,AAPL,69969,1897,0.3333,392163,6517,0
2026-07-02T12:10:55,NVDA,41192,-21,0.0,671748,6489,0
2026-07-02T12:10:55,TSLA,-86983,341,0.5714,200421,3959,0
2026-07-02T12:10:55,MSFT,15458,640,-0.3333,146434,2869,0
2026-07-02T12:10:55,META,-37176,-1279,-0.3333,72254,1801,0
2026-07-02T12:10:55,MSTR,14014,-21,-0.3333,62426,1144,0
2026-07-02T12:10:55,ORCL,-55621,-1030,0.0,168367,2077,0
2026-07-02T12:10:55,NFLX,138658,4828,-0.5556,448496,4393,0
2026-07-02T12:10:55,AVGO,-2890,1396,0.0,98376,2744,0
2026-07-02T12:10:55,CRWD,-19266,-485,-0.6667,32402,982,0
2026-07-02T12:11:55,AAPL,71710,1741,0.0,395054,6593,0
2026-07-02T12:11:55,NVDA,48485,7293,0.6,690305,6628,0
2026-07-02T12:11:55,TSLA,-89351,-2368,0.5714,203077,3999,0
2026-07-02T12:11:55,MSFT,14210,-1248,0.6,151538,2965,0
2026-07-02T12:11:55,META,-37587,-411,0.2,73181,1828,0
2026-07-02T12:11:55,MSTR,14353,339,-0.3333,62967,1152,0
2026-07-02T12:11:55,ORCL,-56864,-1243,0.0,171316,2104,0
2026-07-02T12:11:55,NFLX,140385,1727,-0.5,452251,4433,0
2026-07-02T12:11:55,AVGO,-2586,304,0.0,99836,2784,0
2026-07-02T12:11:55,CRWD,-19676,-410,-0.6667,32812,998,0
2026-07-02T12:12:55,AAPL,72627,917,0.3333,397339,6638,0
2026-07-02T12:12:55,NVDA,48789,304,0.1429,700811,6763,0
2026-07-02T12:12:55,TSLA,-92518,-3167,-0.5,206324,4050,0
2026-07-02T12:12:55,MSFT,12514,-1696,0.0,157056,3072,0
2026-07-02T12:12:55,META,-37738,-151,0.6,73684,1845,0
2026-07-02T12:12:55,MSTR,14980,627,-0.3333,63634,1169,0
2026-07-02T12:12:55,ORCL,-57626,-762,-0.6667,173080,2135,0
2026-07-02T12:12:55,NFLX,140698,313,-0.8182,455998,4489,0
2026-07-02T12:12:55,AVGO,-1983,603,0.0,101605,2842,0
2026-07-02T12:12:55,CRWD,-20348,-672,-0.4286,33646,1025,0
2026-07-02T12:13:55,AAPL,74682,2055,0.5,401178,6705,0
2026-07-02T12:13:55,NVDA,51569,2780,0.2308,708593,6878,0
2026-07-02T12:13:55,TSLA,-94841,-2323,-0.5,208727,4097,0
2026-07-02T12:13:55,MSFT,13523,1009,0.0,158629,3115,0
2026-07-02T12:13:55,META,-37836,-98,0.0,73984,1869,0
2026-07-02T12:13:55,MSTR,15136,156,-0.3333,63994,1182,0
2026-07-02T12:13:55,ORCL,-58901,-1275,-0.6667,174355,2154,0
2026-07-02T12:13:55,NFLX,143185,2487,-0.2,461459,4549,0
2026-07-02T12:13:55,AVGO,-2861,-878,-0.3333,103325,2898,0
2026-07-02T12:13:55,CRWD,-20334,14,0.3333,34008,1036,0
2026-07-02T12:14:55,AAPL,76845,2163,0.3333,405089,6781,0
2026-07-02T12:14:55,NVDA,51001,-568,0.0,715391,6974,0
2026-07-02T12:14:55,TSLA,-97381,-2540,0.0,211831,4151,0
2026-07-02T12:14:55,MSFT,12297,-1226,0.0,162511,3174,0
2026-07-02T12:14:55,META,-38504,-668,0.0,74680,1889,0
2026-07-02T12:14:55,MSTR,15669,533,-0.3333,65129,1203,0
2026-07-02T12:14:55,ORCL,-59668,-767,-0.6667,176676,2193,0
2026-07-02T12:14:55,NFLX,145439,2254,0.1429,465589,4602,0
2026-07-02T12:14:55,AVGO,-4117,-1256,0.0,106217,2989,0
2026-07-02T12:14:55,CRWD,-21862,-1528,0.3333,35548,1067,0
2026-07-02T12:15:55,AAPL,78267,1422,0.3333,407951,6856,0
2026-07-02T12:15:55,NVDA,47957,-3044,0.0769,725839,7098,0
2026-07-02T12:15:55,TSLA,-102263,-4882,0.3333,219521,4280,0
2026-07-02T12:15:55,MSFT,12877,580,0.0,164853,3233,0
2026-07-02T12:15:55,META,-38396,108,0.5,77792,1949,0
2026-07-02T12:15:55,MSTR,15819,150,-0.3333,66057,1217,0
2026-07-02T12:15:55,ORCL,-62100,-2432,0.0,180872,2233,0
2026-07-02T12:15:55,NFLX,147913,2474,-0.6364,469709,4645,0
2026-07-02T12:15:55,AVGO,-3679,438,0.0,107541,3030,0
2026-07-02T12:15:55,CRWD,-22768,-906,-0.4286,36454,1117,0
2026-07-02T12:16:55,AAPL,80684,2417,0.0,412558,6948,0
2026-07-02T12:16:55,NVDA,46993,-964,0.6,733289,7199,0
2026-07-02T12:16:55,TSLA,-104115,-1852,0.5714,223323,4347,0
2026-07-02T12:16:55,MSFT,9235,-3642,0.0,169053,3279,0
2026-07-02T12:16:55,META,-27762,10634,0.2,89336,2084,0
2026-07-02T12:16:55,MSTR,16395,576,0.0,66633,1228,0
2026-07-02T12:16:55,ORCL,-66619,-4519,0.0,188555,2326,0
2026-07-02T12:16:55,NFLX,148569,656,0.6364,475753,4712,0
2026-07-02T12:16:55,AVGO,-3589,90,0.3333,113983,3130,0
2026-07-02T12:16:55,CRWD,-24716,-1948,-0.4286,38502,1156,0
2026-07-02T12:17:55,AAPL,81300,616,0.6667,416012,7029,0
2026-07-02T12:17:55,NVDA,49311,2318,-0.6,741691,7300,0
2026-07-02T12:17:55,TSLA,-108757,-4642,0.5714,228855,4444,0
2026-07-02T12:17:55,MSFT,6916,-2319,-0.3333,171852,3315,0
2026-07-02T12:17:55,META,-27691,71,-0.5,90153,2104,0
2026-07-02T12:17:55,MSTR,16486,91,-0.3333,66724,1231,0
2026-07-02T12:17:55,ORCL,-68171,-1552,0.0,191563,2368,0
2026-07-02T12:17:55,NFLX,155820,7251,0.1429,486608,4793,0
2026-07-02T12:17:55,AVGO,-1125,2464,0.0,117087,3215,0
2026-07-02T12:17:55,CRWD,-25284,-568,-0.6667,39230,1179,0
2026-07-02T12:18:55,AAPL,81217,-83,-0.3333,419089,7102,0
2026-07-02T12:18:55,NVDA,49479,168,0.4286,752497,7407,0
2026-07-02T12:18:55,TSLA,-109594,-837,0.5714,232934,4515,0
2026-07-02T12:18:55,MSFT,8148,1232,0.0,175902,3374,0
2026-07-02T12:18:55,META,-27944,-253,0.2,91642,2133,0
2026-07-02T12:18:55,MSTR,16674,188,-0.3333,67654,1247,0
2026-07-02T12:18:55,ORCL,-69546,-1375,0.0,194448,2413,0
2026-07-02T12:18:55,NFLX,158850,3030,0.0,493706,4855,0
2026-07-02T12:18:55,AVGO,-190,935,0.0,118860,3289,0
2026-07-02T12:18:55,CRWD,-25654,-370,-0.6667,39600,1194,0
2026-07-02T12:19:55,AAPL,81199,-18,-0.6,422681,7165,0
2026-07-02T12:19:55,NVDA,53783,4304,-0.0667,764485,7522,0
2026-07-02T12:19:55,TSLA,-111148,-1554,0.1429,237172,4597,0
2026-07-02T12:19:55,MSFT,8054,-94,0.0,178320,3424,0
2026-07-02T12:19:55,META,-28785,-841,0.0,92649,2165,0
2026-07-02T12:19:55,MSTR,17227,553,-0.3333,68559,1260,0
2026-07-02T12:19:55,ORCL,-69520,26,0.0,196998,2449,0
2026-07-02T12:19:55,NFLX,159018,168,0.0,498564,4911,0
2026-07-02T12:19:55,AVGO,255,445,0.0,120081,3340,0
2026-07-02T12:19:55,CRWD,-26190,-536,-0.4286,40136,1220,0
2026-07-02T12:20:55,AAPL,80982,-217,-0.5,425654,7230,0
2026-07-02T12:20:55,NVDA,55437,1654,0.3333,772925,7634,0
2026-07-02T12:20:55,TSLA,-117097,-5949,0.8333,246483,4779,0
2026-07-02T12:20:55,MSFT,8027,-27,0.0,182169,3498,0
2026-07-02T12:20:55,META,-29435,-650,-0.3333,94061,2204,0
2026-07-02T12:20:55,MSTR,16963,-264,0.0,69273,1274,0
2026-07-02T12:20:55,ORCL,-69733,-213,0.0,201411,2490,0
2026-07-02T12:20:55,NFLX,160411,1393,0.5,502831,4959,0
2026-07-02T12:20:55,AVGO,811,556,0.0,122877,3419,0
2026-07-02T12:20:55,CRWD,-26677,-487,-0.6667,40623,1239,0
2026-07-02T12:21:55,AAPL,81881,899,0.0,427929,7280,0
2026-07-02T12:21:55,NVDA,56210,773,0.4286,781906,7764,0
2026-07-02T12:21:55,TSLA,-120454,-3357,0.1429,254626,4924,0
2026-07-02T12:21:55,MSFT,7437,-590,0.0,183763,3548,0
2026-07-02T12:21:55,META,-30706,-1271,0.0,95706,2252,0
2026-07-02T12:21:55,MSTR,16988,25,-0.3333,70658,1297,0
2026-07-02T12:21:55,ORCL,-71493,-1760,0.0,205811,2533,0
2026-07-02T12:21:55,NFLX,160936,525,-0.2,504956,4981,0
2026-07-02T12:21:55,AVGO,6113,5302,0.0,131169,3597,0
2026-07-02T12:21:55,CRWD,-27037,-360,0.0,41153,1258,0
2026-07-02T12:22:55,AAPL,84034,2153,-0.3333,431272,7353,0
2026-07-02T12:22:55,NVDA,53889,-2321,0.5556,801291,7956,0
2026-07-02T12:22:55,TSLA,-125888,-5434,0.0,260830,5063,0
2026-07-02T12:22:55,MSFT,7047,-390,-0.3333,186361,3586,0
2026-07-02T12:22:55,META,-32560,-1854,-0.3333,97836,2303,0
2026-07-02T12:22:55,MSTR,17319,331,-0.3333,71785,1313,0
2026-07-02T12:22:55,ORCL,-72462,-969,0.0,208332,2574,0
2026-07-02T12:22:55,NFLX,160684,-252,-0.4286,506910,5013,0
2026-07-02T12:22:55,AVGO,4592,-1521,0.0,134194,3681,0
2026-07-02T12:22:55,CRWD,-27030,7,0.0,41534,1268,0
2026-07-02T12:23:55,AAPL,85365,1331,0.0,434101,7415,0
2026-07-02T12:23:55,NVDA,54429,540,0.0769,818477,8162,0
2026-07-02T12:23:55,TSLA,-127052,-1164,0.0,263770,5120,0
2026-07-02T12:23:55,MSFT,5633,-1414,0.0,188739,3646,0
2026-07-02T12:23:55,META,-33533,-973,-0.3333,99909,2358,0
2026-07-02T12:23:55,MSTR,18140,821,-0.3333,72806,1323,0
2026-07-02T12:23:55,ORCL,-72841,-379,0.0,210407,2610,0
2026-07-02T12:23:55,NFLX,162924,2240,0.5,510012,5059,0
2026-07-02T12:23:55,AVGO,1564,-3028,0.0,138476,3780,0
2026-07-02T12:23:55,CRWD,-27732,-702,-0.6667,42420,1300,0
2026-07-02T12:24:55,AAPL,85964,599,-0.7778,436404,7469,0
2026-07-02T12:24:55,NVDA,59437,5008,0.0769,836607,8327,0
2026-07-02T12:24:55,TSLA,-129429,-2377,0.0,267295,5177,0
2026-07-02T12:24:55,MSFT,3059,-2574,0.0,200213,3771,0
2026-07-02T12:24:55,META,-34613,-1080,-0.3333,101009,2393,0
2026-07-02T12:24:55,MSTR,15730,-2410,-0.3333,75720,1343,0
2026-07-02T12:24:55,ORCL,-73533,-692,0.0,212261,2641,0
2026-07-02T12:24:55,NFLX,166785,3861,0.0,516469,5113,0
2026-07-02T12:24:55,AVGO,2101,537,0.0,140073,3860,0
2026-07-02T12:24:55,CRWD,-28058,-326,-0.6667,43070,1319,0
2026-07-02T12:25:55,AAPL,87687,1723,0.0,439763,7543,0
2026-07-02T12:25:55,NVDA,61314,1877,0.0,852780,8493,0
2026-07-02T12:25:55,TSLA,-131397,-1968,0.0,270123,5226,0
2026-07-02T12:25:55,MSFT,1374,-1685,0.0,205414,3866,0
2026-07-02T12:25:55,META,-34622,-9,-0.3333,102764,2452,0
2026-07-02T12:25:55,MSTR,13244,-2486,0.0,78838,1367,0
2026-07-02T12:25:55,ORCL,-74798,-1265,0.0,214308,2675,0
2026-07-02T12:25:55,NFLX,170170,3385,0.0,522906,5175,0
2026-07-02T12:25:55,AVGO,2085,-16,-0.3333,142123,3928,0
2026-07-02T12:25:55,CRWD,-29286,-1228,-0.6667,44414,1352,0
2026-07-02T12:26:55,AAPL,90153,2466,-0.5,443157,7595,0
2026-07-02T12:26:55,NVDA,62525,1211,-0.7143,869665,8657,0
2026-07-02T12:26:55,TSLA,-131363,34,0.0,272253,5268,0
2026-07-02T12:26:55,MSFT,-454,-1828,0.0,211920,3945,0
2026-07-02T12:26:55,META,-35350,-728,0.0,103954,2481,0
2026-07-02T12:26:55,MSTR,12091,-1153,-0.3333,80439,1387,0
2026-07-02T12:26:55,ORCL,-75999,-1201,0.0,217621,2727,0
2026-07-02T12:26:55,NFLX,171981,1811,-0.7143,531013,5246,0
2026-07-02T12:26:55,AVGO,2271,186,0.0,145183,4032,0
2026-07-02T12:26:55,CRWD,-29658,-372,0.0,45396,1382,0
2026-07-02T12:27:55,AAPL,93063,2910,0.0,447893,7690,0
2026-07-02T12:27:55,NVDA,61968,-557,-0.1429,881924,8792,0
2026-07-02T12:27:55,TSLA,-133132,-1769,0.0,274562,5331,0
2026-07-02T12:27:55,MSFT,-1856,-1402,0.0,215262,4016,0
2026-07-02T12:27:55,META,-36033,-683,0.0,105397,2529,0
2026-07-02T12:27:55,MSTR,12725,634,-0.3333,81559,1398,0
2026-07-02T12:27:55,ORCL,-75458,541,0.0,218920,2754,0
2026-07-02T12:27:55,NFLX,173359,1378,-0.5,536761,5302,0
2026-07-02T12:27:55,AVGO,1689,-582,0.0,146947,4091,0
2026-07-02T12:27:55,CRWD,-28694,964,0.0,46648,1414,0
2026-07-02T12:28:56,AAPL,94154,1091,-0.7143,451874,7763,0
2026-07-02T12:28:56,NVDA,67942,5974,0.0,895324,8945,0
2026-07-02T12:28:56,TSLA,-133930,-798,0.0,277242,5385,0
2026-07-02T12:28:56,MSFT,-2954,-1098,0.0,216808,4062,0
2026-07-02T12:28:56,META,-35591,442,-0.3333,107007,2590,0
2026-07-02T12:28:56,MSTR,14006,1281,-0.3333,83604,1427,0
2026-07-02T12:28:56,ORCL,-75438,20,0.0,221818,2807,0
2026-07-02T12:28:56,NFLX,177442,4083,0.5385,543224,5385,0
2026-07-02T12:28:56,AVGO,1578,-111,0.0,149180,4149,0
2026-07-02T12:28:56,CRWD,-28563,131,-0.6667,47213,1436,0
2026-07-02T12:29:56,AAPL,94887,733,0.5,456581,7862,0
2026-07-02T12:29:56,NVDA,70690,2748,-0.0769,910652,9099,0
2026-07-02T12:29:56,TSLA,-137332,-3402,-0.5,280728,5455,0
2026-07-02T12:29:56,MSFT,-5200,-2246,0.0,219950,4138,0
2026-07-02T12:29:56,META,-37813,-2222,-0.3333,109701,2663,0
2026-07-02T12:29:56,MSTR,14907,901,-0.3333,85905,1454,0
2026-07-02T12:29:56,ORCL,-76116,-678,0.0,231780,2929,0
2026-07-02T12:29:56,NFLX,179941,2499,0.1429,555681,5510,0
2026-07-02T12:29:56,AVGO,1597,19,0.0,151161,4211,0
2026-07-02T12:29:56,CRWD,-28211,352,0.0,47879,1462,0
2026-07-02T12:30:56,AAPL,95191,304,0.3333,461233,7948,0
2026-07-02T12:30:56,NVDA,75264,4574,0.7143,933158,9342,0
2026-07-02T12:30:56,TSLA,-143934,-6602,0.0,288154,5603,0
2026-07-02T12:30:56,MSFT,-4275,925,0.0,223287,4204,0
2026-07-02T12:30:56,META,-40100,-2287,-0.3333,112918,2764,0
2026-07-02T12:30:56,MSTR,15175,268,-0.3333,87341,1478,0
2026-07-02T12:30:56,ORCL,-77868,-1752,0.0,234372,2982,0
2026-07-02T12:30:56,NFLX,185238,5297,0.2,567006,5609,0
2026-07-02T12:30:56,AVGO,4323,2726,0.0,155133,4334,0
2026-07-02T12:30:56,CRWD,-28985,-774,-0.6667,49037,1500,0
2026-07-02T12:31:56,AAPL,95210,19,-0.2,468312,8080,0
2026-07-02T12:31:56,NVDA,82584,7320,-0.6,955144,9603,0
2026-07-02T12:31:56,TSLA,-150383,-6449,-0.2,298961,5764,0
2026-07-02T12:31:56,MSFT,-6808,-2533,-0.9,226396,4273,0
2026-07-02T12:31:56,META,-40986,-886,-0.3333,114976,2842,0
2026-07-02T12:31:56,MSTR,17766,2591,-0.3333,90016,1512,0
2026-07-02T12:31:56,ORCL,-80209,-2341,0.0,237457,3064,0
2026-07-02T12:31:56,NFLX,190734,5496,-0.3333,584436,5744,0
2026-07-02T12:31:56,AVGO,6821,2498,0.0,159099,4462,0
2026-07-02T12:31:56,CRWD,-30030,-1045,-0.6667,50082,1538,0
2026-07-02T12:32:56,AAPL,95682,472,-0.3333,475494,8179,0
2026-07-02T12:32:56,NVDA,84204,1620,0.6,968386,9760,0
2026-07-02T12:32:56,TSLA,-154125,-3742,-0.5,303101,5861,0
2026-07-02T12:32:56,MSFT,-7972,-1164,-0.7273,229344,4358,0
2026-07-02T12:32:56,META,-41436,-450,0.0,116978,2934,0
2026-07-02T12:32:56,MSTR,18160,394,-0.3333,91312,1535,0
2026-07-02T12:32:56,ORCL,-84174,-3965,0.0,241828,3111,0
2026-07-02T12:32:56,NFLX,198053,7319,0.5,599073,5880,0
2026-07-02T12:32:56,AVGO,6689,-132,-0.3333,161335,4539,0
2026-07-02T12:32:56,CRWD,-30915,-885,-0.6667,51173,1575,0
2026-07-02T12:33:56,AAPL,96292,610,0.3333,482070,8306,0
2026-07-02T12:33:56,NVDA,92317,8113,0.6,984519,9919,0
2026-07-02T12:33:56,TSLA,-157607,-3482,-0.5,306921,5928,0
2026-07-02T12:33:56,MSFT,-7012,960,-0.9,231714,4407,0
2026-07-02T12:33:56,META,-40800,636,-0.3333,118416,2986,0
2026-07-02T12:33:56,MSTR,18839,679,-0.75,92353,1555,0
2026-07-02T12:33:56,ORCL,-85882,-1708,0.0,243774,3155,0
2026-07-02T12:33:56,NFLX,202131,4078,-0.25,610593,5988,0
2026-07-02T12:33:56,AVGO,8596,1907,0.0,166100,4659,0
2026-07-02T12:33:56,CRWD,-31940,-1025,0.3333,52198,1608,0
2026-07-02T12:34:56,AAPL,96165,-127,0.0,486655,8400,0
2026-07-02T12:34:56,NVDA,99482,7165,0.7143,1000794,10068,0
2026-07-02T12:34:56,TSLA,-162004,-4397,-0.5,311330,6009,0
2026-07-02T12:34:56,MSFT,-6786,226,-0.9,236338,4488,0
2026-07-02T12:34:56,META,-41391,-591,-0.3333,120473,3044,0
2026-07-02T12:34:56,MSTR,19597,758,-0.3333,93111,1563,0
2026-07-02T12:34:56,ORCL,-89362,-3480,0.0,247308,3215,0
2026-07-02T12:34:56,NFLX,204644,2513,0.0,618408,6067,0
2026-07-02T12:34:56,AVGO,10154,1558,0.6,169086,4772,0
2026-07-02T12:34:56,CRWD,-32735,-795,-0.4286,53395,1651,0
2026-07-02T12:35:56,AAPL,95276,-889,0.0,491860,8489,0
2026-07-02T12:35:56,NVDA,103169,3687,0.0,1015875,10227,0
2026-07-02T12:35:56,TSLA,-161731,273,0.0,314831,6085,0
2026-07-02T12:35:56,MSFT,-5635,1151,-0.9,242789,4573,0
2026-07-02T12:35:56,META,-42898,-1507,0.3333,122726,3120,0
2026-07-02T12:35:56,MSTR,19345,-252,0.0,94293,1583,0
2026-07-02T12:35:56,ORCL,-92207,-2845,0.0,250903,3246,0
2026-07-02T12:35:56,NFLX,206426,1782,0.28,631566,6184,0
2026-07-02T12:35:56,AVGO,9658,-496,0.0,171080,4825,0
2026-07-02T12:35:56,CRWD,-34590,-1855,-0.6667,55250,1707,0
2026-07-02T12:36:56,AAPL,99229,3953,0.0,499055,8577,0
2026-07-02T12:36:56,NVDA,108968,5799,-0.8,1031316,10397,0
2026-07-02T12:36:56,TSLA,-162067,-336,0.0,318985,6170,0
2026-07-02T12:36:56,MSFT,-6165,-530,0.0,245615,4632,0
2026-07-02T12:36:56,META,-43252,-354,0.0,124356,3173,0
2026-07-02T12:36:56,MSTR,20498,1153,-0.3333,95846,1599,0
2026-07-02T12:36:56,ORCL,-92998,-791,0.0,254312,3284,0
2026-07-02T12:36:56,NFLX,209782,3356,0.5714,642610,6288,0
2026-07-02T12:36:56,AVGO,10247,589,0.0,172651,4876,0
2026-07-02T12:36:56,CRWD,-35669,-1079,0.0,56729,1750,0
2026-07-02T12:37:56,AAPL,101452,2223,-0.1429,504374,8687,0
2026-07-02T12:37:56,NVDA,110660,1692,-0.0769,1059966,10614,0
2026-07-02T12:37:56,TSLA,-164110,-2043,0.0,321934,6243,0
2026-07-02T12:37:56,MSFT,-6166,-1,0.0,248520,4701,0
2026-07-02T12:37:56,META,-42858,394,0.0,126210,3228,0
2026-07-02T12:37:56,MSTR,20490,-8,-0.3333,96482,1609,0
2026-07-02T12:37:56,ORCL,-94687,-1689,0.0,258455,3321,0
2026-07-02T12:37:56,NFLX,211427,1645,0.2,658703,6435,0
2026-07-02T12:37:56,AVGO,10990,743,0.0,175016,4968,0
2026-07-02T12:37:56,CRWD,-35189,480,0.5,58299,1796,0
2026-07-02T12:38:56,AAPL,101940,488,-0.5,510182,8809,0
2026-07-02T12:38:56,NVDA,115338,4678,0.6,1073204,10735,0
2026-07-02T12:38:56,TSLA,-165076,-966,-0.5,325974,6319,0
2026-07-02T12:38:56,MSFT,-7167,-1001,0.0,250799,4758,0
2026-07-02T12:38:56,META,-43291,-433,-0.3333,127681,3311,0
2026-07-02T12:38:56,MSTR,20692,202,0.0,97374,1633,0
2026-07-02T12:38:56,ORCL,-96260,-1573,0.0,262592,3381,0
2026-07-02T12:38:56,NFLX,226432,15005,-0.1429,688770,6658,0
2026-07-02T12:38:56,AVGO,10485,-505,0.0,177953,5053,0
2026-07-02T12:38:56,CRWD,-35047,142,0.3333,60583,1871,0
2026-07-02T12:39:56,AAPL,103348,1408,0.5,514252,8905,0
2026-07-02T12:39:56,NVDA,117423,2085,-0.0667,1079119,10836,0
2026-07-02T12:39:56,TSLA,-167686,-2610,0.0,330818,6435,0
2026-07-02T12:39:56,MSFT,-7387,-220,0.0,254047,4835,0
2026-07-02T12:39:56,META,-42995,296,-0.3333,129533,3423,0
2026-07-02T12:39:56,MSTR,21690,998,0.0,98712,1653,0
2026-07-02T12:39:56,ORCL,-93689,2571,0.0,267699,3433,0
2026-07-02T12:39:56,NFLX,229936,3504,0.4286,700382,6784,0
2026-07-02T12:39:56,AVGO,11810,1325,0.0,180638,5112,0
2026-07-02T12:39:56,CRWD,-35141,-94,-0.4286,62481,1929,0
2026-07-02T12:40:56,AAPL,105250,1902,-0.3333,520216,9012,0
2026-07-02T12:40:56,NVDA,121827,4404,-0.0909,1089619,10933,0
2026-07-02T12:40:56,TSLA,-171919,-4233,-0.2,335617,6538,0
2026-07-02T12:40:56,MSFT,-7226,161,0.0,257138,4912,0
2026-07-02T12:40:56,META,-41238,1757,-0.3333,132696,3509,0
2026-07-02T12:40:56,MSTR,21600,-90,0.0,99562,1663,0
2026-07-02T12:40:56,ORCL,-91072,2617,-0.5,272602,3521,0
2026-07-02T12:40:56,NFLX,232041,2105,-0.6667,715401,6922,0
2026-07-02T12:40:56,AVGO,13654,1844,-0.6,183862,5212,0
2026-07-02T12:40:56,CRWD,-35429,-288,-0.4286,62769,1942,0
2026-07-02T12:41:56,AAPL,109529,4279,-0.3333,527943,9127,0
2026-07-02T12:41:56,NVDA,123050,1223,-0.0769,1099994,11041,0
2026-07-02T12:41:56,TSLA,-174343,-2424,-0.5,338241,6588,0
2026-07-02T12:41:56,MSFT,-6809,417,0.0,259399,4966,0
2026-07-02T12:41:56,META,-40481,757,0.0,135299,3565,0
2026-07-02T12:41:56,MSTR,21472,-128,-0.5,100204,1674,0
2026-07-02T12:41:56,ORCL,-86168,4904,0.0,277954,3591,0
2026-07-02T12:41:56,NFLX,237160,5119,-0.1429,729638,7041,0
2026-07-02T12:41:56,AVGO,14650,996,0.0,186074,5285,0
2026-07-02T12:41:56,CRWD,-35459,-30,-0.4286,64347,1991,0
2026-07-02T12:42:56,AAPL,115430,5901,-0.5,538944,9321,0
2026-07-02T12:42:56,NVDA,123930,880,0.25,1109310,11147,0
2026-07-02T12:42:56,TSLA,-180061,-5718,-0.5,344039,6721,0
2026-07-02T12:42:56,MSFT,-7265,-456,-0.3333,261109,5006,0
2026-07-02T12:42:56,META,-41039,-558,0.0,137581,3669,0
2026-07-02T12:42:56,MSTR,22672,1200,-0.3333,102494,1714,0
2026-07-02T12:42:56,ORCL,-86169,-1,0.0,280465,3650,0
2026-07-02T12:42:56,NFLX,240470,3310,-0.1429,737758,7138,0
2026-07-02T12:42:56,AVGO,16668,2018,0.0,189330,5381,0
2026-07-02T12:42:56,CRWD,-34448,1011,-0.4286,66186,2046,0
2026-07-02T12:43:56,AAPL,117493,2063,-0.2,545745,9441,0
2026-07-02T12:43:56,NVDA,123641,-289,0.2727,1120663,11235,0
2026-07-02T12:43:56,TSLA,-181203,-1142,0.0,347229,6779,0
2026-07-02T12:43:56,MSFT,-8501,-1236,0.0,262865,5050,0
2026-07-02T12:43:56,META,-40486,553,-0.3333,138846,3725,0
2026-07-02T12:43:56,MSTR,22242,-430,-0.3333,103864,1729,0
2026-07-02T12:43:56,ORCL,-84535,1634,0.0,283957,3732,0
2026-07-02T12:43:56,NFLX,239802,-668,-0.7143,744152,7195,0
2026-07-02T12:43:56,AVGO,17484,816,0.0,191100,5441,0
2026-07-02T12:43:56,CRWD,-36803,-2355,-0.6667,68541,2112,0
2026-07-02T12:44:56,AAPL,120101,2608,0.0,554875,9593,0
2026-07-02T12:44:56,NVDA,124429,788,0.0588,1131869,11324,0
2026-07-02T12:44:56,TSLA,-182265,-1062,-0.5,354007,6872,0
2026-07-02T12:44:56,MSFT,-9322,-821,0.0,265268,5117,0
2026-07-02T12:44:56,META,-39039,1447,-0.3333,140961,3794,0
2026-07-02T12:44:56,MSTR,26953,4711,-0.3333,112329,1821,0
2026-07-02T12:44:56,ORCL,-82618,1917,-0.5,289938,3820,0
2026-07-02T12:44:56,NFLX,243764,3962,-0.2222,758444,7315,0
2026-07-02T12:44:56,AVGO,18133,649,0.0,193711,5518,0
2026-07-02T12:44:56,CRWD,-38502,-1699,-0.6667,70490,2165,0
2026-07-02T12:45:56,AAPL,122234,2133,-0.5,559328,9687,0
2026-07-02T12:45:56,NVDA,128059,3630,-0.1667,1141615,11428,0
2026-07-02T12:45:56,TSLA,-181174,1091,0.0,356526,6934,0
2026-07-02T12:45:56,MSFT,-12624,-3302,-0.5,270622,5236,0
2026-07-02T12:45:56,META,-37565,1474,0.0,143815,3867,0
2026-07-02T12:45:56,MSTR,27396,443,-0.3333,113910,1851,0
2026-07-02T12:45:56,ORCL,-77363,5255,0.0,297259,3927,0
2026-07-02T12:45:56,NFLX,258798,15034,0.7143,784008,7510,0
2026-07-02T12:45:56,AVGO,19352,1219,0.3333,195992,5581,0
2026-07-02T12:45:56,CRWD,-39386,-884,-0.6667,72870,2236,0
2026-07-02T12:46:56,AAPL,124522,2288,0.3333,566402,9799,0
2026-07-02T12:46:56,NVDA,138569,10510,-0.4,1181429,11694,0
2026-07-02T12:46:56,TSLA,-181049,125,0.0,357483,6961,0
2026-07-02T12:46:56,MSFT,-12865,-241,-0.9,275159,5343,0
2026-07-02T12:46:56,META,-36882,683,0.3333,145770,3953,0
2026-07-02T12:46:56,MSTR,28565,1169,-0.3333,115309,1876,0
2026-07-02T12:46:56,ORCL,-77443,-80,-0.5,299363,3970,0
2026-07-02T12:46:56,NFLX,261383,2585,-0.7143,797699,7641,0
2026-07-02T12:46:56,AVGO,18633,-719,0.0,198109,5659,0
2026-07-02T12:46:56,CRWD,-40907,-1521,0.0,74897,2289,0
2026-07-02T12:47:56,AAPL,125103,581,0.0,571555,9892,0
2026-07-02T12:47:56,NVDA,137616,-953,0.75,1191168,11767,0
2026-07-02T12:47:56,TSLA,-181657,-608,0.0,359685,7015,0
2026-07-02T12:47:56,MSFT,-12945,-80,-0.9,278721,5424,0
2026-07-02T12:47:56,META,-35554,1328,0.6,148270,4012,0
2026-07-02T12:47:56,MSTR,29643,1078,-0.5,116409,1894,0
2026-07-02T12:47:56,ORCL,-77891,-448,-0.3333,302175,4000,0
2026-07-02T12:47:56,NFLX,262768,1385,-0.1111,810310,7746,0
2026-07-02T12:47:56,AVGO,18861,228,0.3333,199849,5712,0
2026-07-02T12:47:56,CRWD,-42292,-1385,0.0,77198,2352,0
2026-07-02T12:48:56,AAPL,124841,-262,0.6,580855,10081,0
2026-07-02T12:48:56,NVDA,142925,5309,0.0,1212347,11922,0
2026-07-02T12:48:56,TSLA,-189947,-8290,-0.3333,370169,7155,0
2026-07-02T12:48:56,MSFT,-14244,-1299,-0.9,282354,5506,0
2026-07-02T12:48:56,META,-35392,162,0.0,150748,4078,0
2026-07-02T12:48:56,MSTR,30199,556,0.0,117365,1912,0
2026-07-02T12:48:56,ORCL,-73272,4619,0.0,309588,4075,0
2026-07-02T12:48:56,NFLX,260742,-2026,0.6667,817640,7811,0
2026-07-02T12:48:56,AVGO,20363,1502,0.0,203277,5845,0
2026-07-02T12:48:56,CRWD,-42015,277,0.0,79213,2397,0
2026-07-02T12:49:56,AAPL,121229,-3612,0.5,591175,10268,0
2026-07-02T12:49:56,NVDA,147024,4099,0.75,1235732,12085,0
2026-07-02T12:49:56,TSLA,-193729,-3782,-0.5,375107,7238,0
2026-07-02T12:49:56,MSFT,-13262,982,-0.3333,289186,5620,0
2026-07-02T12:49:56,META,-35155,237,-0.5,152093,4135,0
2026-07-02T12:49:56,MSTR,31062,863,-0.3333,118988,1947,0
2026-07-02T12:49:56,ORCL,-74140,-868,0.0,317452,4159,0
2026-07-02T12:49:56,NFLX,263759,3017,-0.4545,827853,7895,0
2026-07-02T12:49:56,AVGO,22026,1663,0.6667,207344,5933,0
2026-07-02T12:49:56,CRWD,-42426,-411,-0.3333,80434,2432,0
2026-07-02T12:50:56,AAPL,117906,-3323,0.0,616818,10613,0
2026-07-02T12:50:56,NVDA,137623,-9401,0.0,1312823,12756,0
2026-07-02T12:50:56,TSLA,-198954,-5225,0.5,381998,7365,0
2026-07-02T12:50:56,MSFT,-18463,-5201,0.2,300999,5795,0
2026-07-02T12:50:56,META,-33522,1633,0.6,157278,4268,0
2026-07-02T12:50:56,MSTR,34734,3672,0.0,123860,2010,0
2026-07-02T12:50:56,ORCL,-80890,-6750,0.0,326872,4264,0
2026-07-02T12:50:56,NFLX,261833,-1926,-0.5,852647,8123,0
2026-07-02T12:50:56,AVGO,22731,705,0.3333,211897,6070,0
2026-07-02T12:50:56,CRWD,-43946,-1520,-0.4286,83174,2522,0
2026-07-02T12:51:56,AAPL,120334,2428,-0.5,629638,10849,0
2026-07-02T12:51:56,NVDA,149578,11955,-0.3333,1346214,13103,0
2026-07-02T12:51:56,TSLA,-200526,-1572,0.5,385296,7442,0
2026-07-02T12:51:56,MSFT,-16984,1479,0.5556,306604,5922,0
2026-07-02T12:51:56,META,-32661,861,0.0,160349,4365,0
2026-07-02T12:51:56,MSTR,35154,420,-0.3333,126098,2049,0
2026-07-02T12:51:56,ORCL,-87637,-6747,0.0,334943,4369,0
2026-07-02T12:51:56,NFLX,264109,2276,-0.5,865645,8236,0
2026-07-02T12:51:56,AVGO,20845,-1886,-0.5,216135,6172,0
2026-07-02T12:51:56,CRWD,-41544,2402,-0.4286,85910,2586,0
2026-07-02T12:52:56,AAPL,126440,6106,-0.3333,641680,11065,0
2026-07-02T12:52:56,NVDA,155428,5850,0.0,1363020,13288,0
2026-07-02T12:52:56,TSLA,-205815,-5289,0.5,392895,7594,0
2026-07-02T12:52:56,MSFT,-13166,3818,-0.3333,315002,6080,0
2026-07-02T12:52:56,META,-33377,-716,0.0,163669,4471,0
2026-07-02T12:52:56,MSTR,35161,7,-0.3333,127889,2079,0
2026-07-02T12:52:56,ORCL,-91326,-3689,0.0,351738,4615,0
2026-07-02T12:52:56,NFLX,265798,1689,-0.6667,873482,8328,0
2026-07-02T12:52:56,AVGO,18565,-2280,0.0,220149,6282,0
2026-07-02T12:52:56,CRWD,-40325,1219,-0.6667,89061,2685,0
2026-07-02T12:53:56,AAPL,129557,3117,0.0,656233,11295,0
2026-07-02T12:53:56,NVDA,160640,5212,0.75,1380068,13484,0
2026-07-02T12:53:56,TSLA,-212508,-6693,0.0,402320,7782,0
2026-07-02T12:53:56,MSFT,-3208,9958,0.0,327116,6293,0
2026-07-02T12:53:56,META,-32740,637,-0.3333,169748,4629,0
2026-07-02T12:53:56,MSTR,37633,2472,-0.5,131389,2126,0
2026-07-02T12:53:56,ORCL,-94972,-3646,0.0,357144,4713,0
2026-07-02T12:53:56,NFLX,267319,1521,-0.2,885087,8469,0
2026-07-02T12:53:56,AVGO,18120,-445,0.0,226718,6430,0
2026-07-02T12:53:56,CRWD,-41542,-1217,0.0,92008,2777,0
2026-07-02T12:54:56,AAPL,135077,5520,0.0,671035,11553,0
2026-07-02T12:54:56,NVDA,156014,-4626,0.4286,1415194,13752,1
2026-07-02T12:54:56,TSLA,-214736,-2228,0.3333,414638,8028,0
2026-07-02T12:54:56,MSFT,11579,14787,-0.3333,342001,6510,0
2026-07-02T12:54:56,META,-32401,339,0.0,175069,4779,0
2026-07-02T12:54:56,MSTR,37962,329,-0.3333,134184,2167,0
2026-07-02T12:54:56,ORCL,-100209,-5237,0.0,364145,4803,0
2026-07-02T12:54:56,NFLX,266608,-711,0.2,905076,8676,0
2026-07-02T12:54:56,AVGO,15001,-3119,0.0,233277,6573,0
2026-07-02T12:54:56,CRWD,-43579,-2037,-0.6667,95349,2858,0
2026-07-02T12:55:56,AAPL,140887,5810,0.0,684885,11805,0
2026-07-02T12:55:56,NVDA,125995,-30019,0.0,1493095,14191,2
2026-07-02T12:55:56,TSLA,-227027,-12291,0.0,427129,8285,0
2026-07-02T12:55:56,MSFT,22282,10703,-0.3333,356998,6766,0
2026-07-02T12:55:56,META,-33650,-1249,-0.3333,182334,4998,0
2026-07-02T12:55:56,MSTR,37016,-946,0.0,139088,2241,0
2026-07-02T12:55:56,ORCL,-105976,-5767,0.0,374736,5008,0
2026-07-02T12:55:56,NFLX,272815,6207,-0.2,927621,8933,0
2026-07-02T12:55:56,AVGO,8184,-6817,0.0,240958,6746,0
2026-07-02T12:55:56,CRWD,-45332,-1753,0.0,98606,2938,0
2026-07-02T12:56:56,AAPL,149641,8754,0.0,702219,12092,0
2026-07-02T12:56:56,NVDA,137061,11066,-0.0909,1556155,14594,0
2026-07-02T12:56:56,TSLA,-236785,-9758,-0.5,438791,8512,0
2026-07-02T12:56:56,MSFT,29499,7217,-0.3333,372663,6961,0
2026-07-02T12:56:56,META,-34210,-560,-0.3333,189100,5192,0
2026-07-02T12:56:56,MSTR,40309,3293,0.0,144107,2312,0
2026-07-02T12:56:56,ORCL,-102376,3600,0.0,383136,5142,0
2026-07-02T12:56:56,NFLX,284594,11779,-0.4286,961078,9252,0
2026-07-02T12:56:56,AVGO,6726,-1458,0.0,247074,6907,0
2026-07-02T12:56:56,CRWD,-45903,-571,0.0,101933,3029,0
2026-07-02T12:57:56,AAPL,159189,9548,-0.6667,725829,12503,0
2026-07-02T12:57:56,NVDA,139275,2214,-0.5556,1646267,15162,0
2026-07-02T12:57:56,TSLA,-245421,-8636,0.6471,448683,8735,0
2026-07-02T12:57:56,MSFT,34167,4668,-0.6,390163,7253,0
2026-07-02T12:57:56,META,-35204,-994,0.0,197250,5449,0
2026-07-02T12:57:56,MSTR,42676,2367,0.0,149088,2425,0
2026-07-02T12:57:56,ORCL,-118145,-15769,0.0,399101,5353,0
2026-07-02T12:57:56,NFLX,290212,5618,-0.7895,997562,9545,0
2026-07-02T12:57:56,AVGO,-878,-7604,0.0,255582,7111,0
2026-07-02T12:57:56,CRWD,-46662,-759,0.3333,105092,3115,0
2026-07-02T12:58:56,AAPL,177145,17956,-0.5,761387,13148,0
2026-07-02T12:58:56,NVDA,145447,6172,0.3333,1711063,15775,0
2026-07-02T12:58:56,TSLA,-249926,-4505,0.3333,464626,9043,0
2026-07-02T12:58:56,MSFT,46934,12767,0.0,410910,7622,0
2026-07-02T12:58:56,META,-37088,-1884,-0.3333,206470,5739,0
2026-07-02T12:58:56,MSTR,43679,1003,0.0,152057,2492,0
2026-07-02T12:58:56,ORCL,-129222,-11077,0.0,422212,5634,0
2026-07-02T12:58:56,NFLX,306129,15917,-0.5,1040551,9915,0
2026-07-02T12:58:56,AVGO,-4836,-3958,-0.2,264722,7340,0
2026-07-02T12:58:56,CRWD,-45816,846,0.3333,108884,3246,0
2026-07-02T12:59:56,AAPL,190753,13608,0.0,814451,13941,0
2026-07-02T12:59:56,NVDA,149252,3805,0.0,1829346,16719,0
2026-07-02T12:59:56,TSLA,-276031,-26105,-0.5,496803,9640,0
2026-07-02T12:59:56,MSFT,69766,22832,0.0,462346,8297,0
2026-07-02T12:59:56,META,-28155,8933,-0.3333,226771,6247,0
2026-07-02T12:59:56,MSTR,45400,1721,0.0,160448,2671,0
2026-07-02T12:59:56,ORCL,-133751,-4529,0.0,440755,5904,0
2026-07-02T12:59:56,NFLX,317146,11017,0.3333,1139692,10835,0
2026-07-02T12:59:56,AVGO,-24412,-19576,0.0,290722,7878,0
2026-07-02T12:59:56,CRWD,-44002,1814,0.3333,117386,3456,0
2026-07-02T13:00:59,AAPL,189706,-1047,0.0,815500,13954,0
2026-07-02T13:00:59,NVDA,151346,2094,0.0,1834966,16784,0
2026-07-02T13:00:59,TSLA,-276929,-898,0.0,497701,9654,0
2026-07-02T13:00:59,MSFT,69498,-268,0.0,462614,8309,0
2026-07-02T13:00:59,META,-28331,-176,1.0,226947,6251,0
2026-07-02T13:00:59,MSTR,45272,-128,0.0,160776,2675,0
2026-07-02T13:00:59,ORCL,-134253,-502,0.0,441375,5922,0
2026-07-02T13:00:59,NFLX,316168,-978,0.0,1144828,10888,0
2026-07-02T13:00:59,AVGO,-25412,-1000,0.0,291722,7896,0
2026-07-02T13:00:59,CRWD,-44553,-551,0.0,117937,3472,0
2026-07-02T13:03:52,AAPL,189706,0,0.0,815500,13954,0
2026-07-02T13:03:52,NVDA,151359,13,0.0,1834979,16785,0
2026-07-02T13:03:52,TSLA,-276929,0,1.0,497701,9654,0
2026-07-02T13:03:52,MSFT,69498,0,0.0,462614,8309,0
2026-07-02T13:03:52,META,-28331,0,1.0,226947,6251,0
2026-07-02T13:03:52,MSTR,45272,0,0.0,160776,2675,0
2026-07-02T13:03:52,ORCL,-134253,0,0.0,441375,5922,0
2026-07-02T13:03:52,NFLX,316168,0,0.0,1144828,10888,0
2026-07-02T13:03:52,AVGO,-25412,0,0.0,291722,7896,0
2026-07-02T13:03:52,CRWD,-44553,0,0.0,117937,3472,0
2026-07-02T13:03:52,AAPL,189706,0,0.0,815500,13954,0
2026-07-02T13:03:52,NVDA,151359,0,0.0,1834979,16785,0
2026-07-02T13:03:52,TSLA,-276929,0,1.0,497701,9654,0
2026-07-02T13:03:52,MSFT,69498,0,0.0,462614,8309,0
2026-07-02T13:03:52,META,-28331,0,1.0,226947,6251,0
2026-07-02T13:03:52,MSTR,45272,0,0.0,160776,2675,0
2026-07-02T13:03:52,ORCL,-134253,0,0.0,441375,5922,0
2026-07-02T13:03:52,NFLX,316168,0,0.0,1144828,10888,0
2026-07-02T13:03:52,AVGO,-25412,0,0.0,291722,7896,0
2026-07-02T13:03:52,CRWD,-44553,0,0.0,117937,3472,0
